﻿<ListInfo>
  <IsEnabled>false</IsEnabled>
  <Name>Prompts</Name>
  <IconType>.svg</IconType>
  <IconData>H4sIAAAAAAAACn1T226bQBB9z1dsN6+wN+6WSSTbJK6UJpHquOpTRfAWViaAgILTr+8sJsZtokqw&#xD;
zMyePWdmdphfH15y1Mm6UWURYk4YRrJIyp0q0hA/bW5MH19fXcw/rR6Wm++PEWq6FD0+Le4+LxE2&#xD;
Kf1mLSldbVbo6/YWccIpje4xwlnbVjNK+74nvUXKOqW3dVxlKmkoAKkGwiEKZJyTXbvDIKGZzxLh&#xD;
GKldiO/iV1n/AAfyLJrwA2bBGNNMI2R2yFWx/wjIgyCgwy5AQ8yqA0av47dXuzYLsbC1k0mVZu2b&#xD;
1ynZL0p9ADEkbHh0i+LnXJrPcbJP6/JXAYkWskdnCMhl1lRxIkNc1bKRdSehSITm6VCWSspi8CFS&#xD;
xW2GIPZFcMPeCiISZpiMuK5eHdswORHTsrYBcNxmx+gEgrfjxF8L/hujnyrPQ3wZuN5itcT0XzHL&#xD;
sDvuER/EjmSaZSTRb8Yd4iajziB+QmitrX1SiNwoiKL3CjwgvsEz0yKeZ/m5aRPH8jxDiLXe+Q81&#xD;
tGAJveA6KBixXQOcgWwqS1j8RsCwltBj1eprJMx9n4NLHANGzMk4H+xgMr3JhD5M9hkEWjDZ1mC/&#xD;
JVCUhcSoaetyD1d86Viu70M6x4A5jhOgxwBMnUziKsTDtJzCL6qVda7gA+C/q/GOxcxpCv+Gnu+r&#xD;
iz+y7EqprQMAAA==</IconData>
  <Created>2024-07-09T14:38:55.40805+01:00</Created>
  <Modified>2024-07-09T14:38:55.40805+01:00</Modified>
  <Description>Used to store user prompts.</Description>
  <Items>
    <ListItem>
      <Key>Info Known</Key>
      <Value>Do not respond with the supplied file content. The user already has this information.</Value>
      <Comment>Prevent repeating information to allow for a more thorough and new response.</Comment>
    </ListItem>
    <ListItem>
      <Key>Step by Step</Key>
      <Value>Show your work/provide sources/go step-by-step.</Value>
      <Comment>Encourages detailed responses by requiring the AI to show its reasoning and sources.</Comment>
    </ListItem>
    <ListItem>
      <Key>Assumptions</Key>
      <Value>Be creative/make any assumptions you need.</Value>
      <Comment>Encourages creativity by allowing the AI to relax some practical constraints.</Comment>
    </ListItem>
  </Items>
</ListInfo>