﻿<ListInfo>
  <Name>Profile - Administrative Assistant</Name>
  <IconType>.svg</IconType>
  <IconData>H4sIAAAAAAAACq1Ua2/TMBT9vl9hLCGBlMa+tvNsu0nLHkIaMIkNBN9K47VmWVIlWTv+Pdd2Wlap&#xD;
7AurVOX4+j7OOXYyOXl6qMhat51p6imFkFOi63lTmnoxpbc3F6OUkq6f1eWsamo9pXVDT46PJm/O&#xD;
Phc336/PSbdekOvb06sPBaEjxr7JgrGzmzPy5eslgRAYO/9ECV32/SpnbLPZhBsZNu2CXbaz1dLM&#xD;
O4aJzCZiEcNmAGHZlxRH2M4bU/ZLpMX5W0qW2iyW/Xa1Nnpz2jxNKSecRCDsnz5XApSgtrqbHpgu&#xD;
OOd22pCSP1Wmvj+UCFmWMbfrUvNuNZujC6tWd7pd6209LszdXr2LhPPmgVn/fldYdGeqatQ+VjrX&#xD;
a103ZTmeV2a1H+n6trnXIxyofzWmztvmsd5FH0yv28rgIxdjtIjgb7LwT4dXs35JTDml80ckpyhB&#xD;
+BFSFUghwugKUhlGgUgUYinS59hnFDJGFCMiSlmUuqdKAfccyrADxjjWRtxhkVgM4ipVHhQJ7HZj&#xD;
NZRY4LogsG1BqWHQjt6PPaPydvHzHUASQASB4PL9mLJ/KpVe6f8yKBySGRGCBzLCbkREsUeFyMQQ&#xD;
c3Zh1uvadkB+AoFzII1eVC+8ekfVnmchZOIREWBjQCCzpy1jiRKtIBxOIJGBVBmBGLNlbOXbiBS4&#xD;
k6Gw5HWskXLohXHXXapomOciyECKLScJ9oZaniLzzEWCa69lq++AU4JngWWGyl+0Cr8JO6tEIZU9&#xD;
BEspsfZk8QAg5oVHQnHkhP4I7ucLXkBmazgB6d4mzPDIVnmEjSC2x4qtfdWhu4330B4G0v5LecLw&#xD;
dZ7YL9Px0R9IyHj2mwUAAA==</IconData>
  <Created>2024-03-15T13:59:43.4014014+00:00</Created>
  <Modified>2024-03-15T19:01:23.5813121+00:00</Modified>
  <Description>This list delineates the essential skills, traits, and qualifications vital for an Administrative Assistant. Aimed at assisting in the recruitment process and employee development, it highlights the attributes needed to excel in administrative roles.</Description>
  <Instructions>Refer to this list during the hiring process to evaluate candidates' suitability for Administrative Assistant roles and for crafting development plans for existing administrative staff.</Instructions>
  <Items>
    <ListItem>
      <Key>Organizational Skills</Key>
      <Status p4:nil="true" xmlns:p4="http://www.w3.org/2001/XMLSchema-instance" />
      <Value>High level of organizational skills and the ability to prioritize tasks effectively.</Value>
      <Comment />
    </ListItem>
    <ListItem>
      <Key>Communication Skills</Key>
      <Status p4:nil="true" xmlns:p4="http://www.w3.org/2001/XMLSchema-instance" />
      <Value>Excellent written and verbal communication skills.</Value>
      <Comment />
    </ListItem>
    <ListItem>
      <Key>Technical Proficiency</Key>
      <Status p4:nil="true" xmlns:p4="http://www.w3.org/2001/XMLSchema-instance" />
      <Value>Proficiency in office software, including word processing, spreadsheets, and email management.</Value>
      <Comment />
    </ListItem>
    <ListItem>
      <Key>Time Management Skills</Key>
      <Status p4:nil="true" xmlns:p4="http://www.w3.org/2001/XMLSchema-instance" />
      <Value>Strong time management skills with the ability to manage multiple tasks simultaneously.</Value>
      <Comment />
    </ListItem>
    <ListItem>
      <Key>Attention to Detail</Key>
      <Status p4:nil="true" xmlns:p4="http://www.w3.org/2001/XMLSchema-instance" />
      <Value>Exceptional attention to detail.</Value>
      <Comment />
    </ListItem>
  </Items>
</ListInfo>