﻿<ListInfo>
  <Name>Context - CyberNet Solutions</Name>
  <IconType>.svg</IconType>
  <IconData>H4sIAAAAAAAEAKWXX2/bOAzA3/cpBO9lAyJbf225SPpwxaG3h7sBN+wDOLKc+ObYge026T79kbKT&#xD;
Jm3cNViBxBRJifzRlJTOu8cVeXRtVzb1IuAhDz4Q+NtvqrpbBOu+395E0W63C3cybNpVJBhjEcw5&#xD;
cbvZV2X945IzT9M08taA7Mq8Xy8CzUVA1q5crftx8Fi63R/NfhEwwgho8BPc+uXnfdlX7rbIrCOd&#xD;
zWpS2qaeR4N28MhdZ184kKJtNqRfO/IFRn/ut64tXW1daEF9T++aqnK2B96Q3DXbpxZzIcsn8uWf&#xD;
u6//fiP3m+Vf5BNSlLVt2g6nfQ7nkY90CFp0g+iHAOiy9r7NcojTkz1fBMoE5AmeLCB7sQik5iGL&#xD;
tQYljFTKw1imOFyNk77XZQ/1fuhc+20LNF/r750LSJkvAttUTUt58BzQB+36Zkuaouhc78PgmHrf&#xD;
RfBRp5nkeRC9NYe/mKOsWfL0dM48Oid7GzlWA7JIVKhHbKNC6JcRezS8G1lchZwal+rkOuQkyTMR&#xD;
/z6yFOKArBQLEx6PLzphYazia6DlVdCvAX4N/bo3roPmcfKKWkodGpYM1DI2oZbmCmh1FXRuC2fZ&#xD;
ddDLrIhN9k5o1GTVEdrC2cRTFSZMG1jXPsFQJaFMWQpDWF0IGbKEpQEpzl2Lc9d310NfVY/XbL+u&#xD;
x+vdMo/OscejLno+6+YrUpRVtQjqpoZ0UabtQ+UWgXt0dZPnGKNtfriDxzCi48nPjwosvM22i2D5&#xD;
0Pdn2v+aEm6hTdm79qj3o6qEB6zBjuo869ZZ22ZQ4jPdSZWKpu5pkW3K6umYNKp24/VzourKn8e0&#xD;
e7fvaVbbNVbqQPKEnJtyT5eVq3O6aXJ3Q+qm3WTVycuab7N+TeA9/h2rGavg/Jsxm84Y4fEswS8e&#xD;
V2ymDLNslhKawJjQQU0HZ4reqKLJ8PAz6DCFpiRBDRkMP8eeeWgfnQ7Gl/PQVp8+jnfG57MXfMyN&#xD;
QyS/eSvKQo2LW4Vh0xgzVRoy9wbUQ7agE/DQofYC1ymkAvc0TcBHwFOgs2S4nlQSIbicUTgERhPl&#xD;
JzL6IQrnEpTGS6lfmMLKp0jqApKYQIKLRs/gh8NvhEaoGPQyhuKQRMC3lVgREMEOFhRAeV1NTonk&#xD;
BSI5QSQ05IE3JiD5noCwFPOmOvFg3JsEytozaq9WhEqOkgAYC32ifI7YOxybR72bEwpKOJ+lOB86&#xD;
VVkKjSowFCQk+BjHh6EcczKggnLPMLUxTRRPKyAuVEC9VQFhU4yC9UbUWI0CFwZADNQlRjuPcdcM&#xD;
lhgaMOazo4KaZxGNUEdYRnIYCUMOBmFO8+QX8tQTeSrYjSIRlTKwcZjfyyj+JN4Ct+GEBT5TllhN&#xD;
rSbYhMVMGYBsypJMJSDEdAKXDGaqAGaK30zhmyl6MwVvJtjNFLqZIjdT4OYS90m7sEO7vLiM59Hq&#xD;
9sMc/1+6/R8zShDpaQ0AAA==</IconData>
  <Description>Contains comprehensive details about CyberNet Solutions GmbH, a European cybersecurity firm.</Description>
  <Instructions>Utilize this list to align responses with the context of CyberNet Solutions GmbH's operations.</Instructions>
  <Items>
    <ListItem>
      <Key>Name</Key>
      <Value>CyberNet Solutions GmbH</Value>
      <Comment />
    </ListItem>
    <ListItem>
      <Key>Services</Key>
      <Value>Cybersecurity risk assessments, IT security audits, and Cybersecurity training seminars</Value>
      <Comment />
    </ListItem>
    <ListItem>
      <Key>Location</Key>
      <Value>Amselstraße 45, 10245 Berlin, Germany</Value>
      <Comment />
    </ListItem>
    <ListItem>
      <Key>Industry Sectors</Key>
      <Value>Healthcare, Finance, IT, Education, and Manufacturing</Value>
      <Comment />
    </ListItem>
    <ListItem>
      <Key>Consultation Booking</Key>
      <Value>Through email at sicherheit@securenet-tech.de or phone at +49 30 123456</Value>
      <Comment />
    </ListItem>
    <ListItem>
      <Key>Business Hours</Key>
      <Value>Monday to Friday, 8:30am to 5pm CET</Value>
      <Comment />
    </ListItem>
    <ListItem>
      <Key>Custom Solutions</Key>
      <Value>Yes, tailored to your specific business needs</Value>
      <Comment />
    </ListItem>
    <ListItem>
      <Key>Certifications</Key>
      <Value>ISO/IEC 27001, GIAC, and TÜV</Value>
      <Comment />
    </ListItem>
    <ListItem>
      <Key>Data Security</Key>
      <Value>Strict compliance with EU's GDPR, Encryption, Two-factor authentication, and Secure servers on-premises</Value>
      <Comment />
    </ListItem>
  </Items>
</ListInfo>