﻿<ListInfo>
  <Name>Context - Doughnut Dynamics</Name>
  <IconType>.svg</IconType>
  <IconData>H4sIAAAAAAAEAN1aW2/bRhZ+768YMC8tQMpzIzkMrDxssMj2oVtgi/4Ah6JsNbRkSEps59fvuc1w&#xD;
aMtJ3eqpASKSczlz5ju3bya5PHy5Vl+G/WGz2y4LszDFDwr+PNyO28OyuDke795eXNzf3y/u3WK3&#xD;
v76wWusLmJMNe/swbrafTg02XdddUG+h7jer482yqI0t1M2wub45yseXzXD/r93DstBKK2jBv8U7&#xD;
En953BzH4V2/233aDAe16Xfbywtu4/7VcOhn3Wq9392q482gfoavfz/cDfvNsO2HRQ/NH6r3u3Ec&#xD;
+iPsdaHe7+4e96iH+viofv7v+1//95v6cPvxP+pH3MFm2+/2B5z20+LygtaJS64P/EqfsLnhav9h&#xD;
f7WCdY7qwSwLa90itLYOhXqET1PHrwe7LHyDnY464dPW1Btcoa5Fxu/bzRGg/3wY9r/dXfXDr9vf&#xD;
D0OhNqtl0e/G3b4yxbQ+6XA47u7Ubr0+DICpLhR+VzR2WbxZr1fam+Lim3MWvg7BPpvZa/2dmebJ&#xD;
nF4Hp3U+5/JiDtG3sTPNQps2NAJdmz4fCCz4tLo2jJ2nwR32/mns7D8YO4CHYbOtFWfr6kXXMlq1&#xD;
MfBuXoGV+ydjFSQ6nW4WtaDlu0VjfS3eVQdwNle/AjD/KsB6367s6ruAdfopXl1fr61/HV5B+7UZ&#xD;
/jpewSJK5FzGR8CsbhdtYwUw58DB3KsAq18HWN2u7fA9wGrb+ae7/0uIuVqb9d/wsLaNkNVmcjEH&#xD;
CtaCGOJnIEZfgVjzesS+72Jt8O4MiLWDH/6Mj2E5jTX08lqtN+O4LLa7LWwU36v953FYFsOXYbtb&#xD;
rXCN/e7TEEfwVyVswqQGXKi/ulsWHz8fj7PWP3YbYDa3m+OwT+30NW7gATJ0al5dHW6u9vurx2Ux&#xD;
a8vwXe+2x2p9dbsZH5PS2HQvlCZrOmy+JrWPw8Oxutr2N4hU3Mkj7vN281B9HIftqrrdrYa3arvb&#xD;
316NmZkv766ONwo84BfrdWm6pq9sWXlVQRyWVVBVU1bG9gZ+FXRY5eBnUY+Vxn746StTaoVt+PDS&#xD;
Bk8DLzAdh1mjqlBWzvaahmW/KBkHWlwAZIMz9xo7uRkepsdG7KZF8IfW8bgOaWFYVmW1ohFOjxol&#xD;
8yzLDx9ls1xu5AdvghYQ8aAIhNLIg1lQrRyvBf01vdXYVZLy8G2on5YQoQpkOtyYny8g+3B9C01e&#xD;
GYaoVTZQMwR2bwVc5eNLE+GOlsAF2BYRBYVrkPqG1O+5W7WovKExbe9RgUA6KQNiGhCI8ixtwo3J&#xD;
rJrwYQnU6HuW4ZUF+Q0uD/MDWosMlX4JAAO7twqRc2xPMrlhg0+68wZRtLgBjcNuXVqyAE5gMHE4&#xD;
CvR9EiYtEy4EJdra0dSap+J4hy9ouDoiRoAxXtzfm7g49KFiz/2+N74ES7WlIQBaHBRkyxEpL8+G&#xD;
tMrATb7O5mJ/Ils7VYNYkIo7saWn1YNqSgi9CmVUKATckjCJOyYUOPA8tXgSQL4CIRdKCLiKsZo9&#xD;
KGRx3xYlu3KKObahIdGMpgPRPtpUBFiejL0caRWPrzgOIDhFIg4TpLUEhwBCIPtpMsYcrYBT0EoU&#xD;
XZUAVglilUvxKvLQhA434p+BXQGckMcovCC6Kgovii5OVpRG4ksjmD4Fe/JlckF0Eu5QIB5Xx/4W&#xD;
853FFOdJI1s2p+KdcybHliGgbQTI9ywJ9IXgaigF2TL0UxacHvNwZ+etOMiilQ3b2ETobNwrrSO2&#xD;
F6GQLTmjsy04OKdMwuE5CeY5Jkv+YnfL1om77Ks6iiJ1Hb1S4qxTjlSyjJERfRJMKdhIFXoeA9AA&#xD;
MY5GxRzKeLU0NCSAEriU6/itmTKx4VQRc3EKCXZXcsZeOhXupUWL02a+CmX6vP8yNIUwjM/78cc3&#xD;
coL+acZSZgXW1Q1L9SgUyitqbcy3fH1yGwTBiDkt2rItA8MK6QgmghPaKZTVrERndouFNIb9LDfM&#xD;
Y0vyJo2ngAz8Al2tJATMhW4K5Fw619E+CmZ5knimMOAINpw4WVCdFIgJupFCUkkqQctFv+KFNa6W&#xD;
B/UsRyRnxghoyMJRW99Gv0hq2+Sxnt1VOE50TU7cqYiw91t2TC8yQvR5E30eu6x0pY72xWCYU6yY&#xD;
XeP6EBMdOSXTB4NaY4nyyfxTJU/iTRQ/uUmVkrSsNAVggqOOU/iNfQ5t0dIbLttKpZ4toSbzZ8sk&#xD;
C2Z2S6FuUiIS1KI3GR7GNVUrMYVLexRVtQRsjPt8Q8+LCFu8jgwHXQJqLnhEn3zBxb3UnAlz4mhP&#xD;
Jq6Z91uW5FlOEOZoIsXzilrb1HqCT06UbEr8Kb9ZXh5cuAN2I7nQoqPltGtKIJExcXFPhT+Nyhwm&#xD;
c0VmLOjDIZrFsM5aUQZ2iXAnwWB81yfTJ3js0yXQXEasxZwtdcWAaKTCkXgiIEoYnXAgx7LnvpCK&#xD;
gLBh04hFYxaCwG9YZ9YWm8qM1JfRw8wzTDgDg05EdZBpkb6SJT2lm1BKU/si4ZyoXE4MSQ/wHMS6&#xD;
VZitoIdKrM9o2pN0rWK9lwKRE7pFxhenLZEv4kh8BqLJJUU0BLTE8xOZ6NFshig24myfUecYyIIJ&#xD;
ewWe8IzU4KkOcERmvAjBod8ZxyVYDBbBhmqGibwNwrWKZmQOwikL0ZJkY2lGZlojKkkS8jwxCPc0&#xD;
8yJfnyjy9oUi79oG0LM9FSHVccAxmzjlv1l80uEo5urcyVBtrjHWluK/XeY8+S5JbuqRLIkliQ+Q&#xD;
hpyKzn582IBcgVqxuaUeM/4AmE+2jszDxNMwm3p2RCURniKhJSwhfo2dGVuyopUjXToHzPxfNNaS&#xD;
bQykBzqLkWsCxeZ0yxUX7QZBnCEr/uNPnI6onXoDOy+HCR3Xyk6OKBOfiLmcOYUgTY4/HZOmbC1x&#xD;
ZfH6BIsVvIKGHUKZHa/yAxh5P5GW7GBAVgTk4S8QRdx3Jwxaim1b2qxCcvEUDSMl0Ux5pE7E5DWP&#xD;
rES1HHt/KFk8Kn/yriI/4llczZ1EHdkA8QNL/JCYtyf3D3SxRKdDFNs8Jd2zRDBRtyie3JHNgNry&#xD;
Hm0cztGGjIg7coZ2mjJyyM0OTPMUbfmwZ/iQBZGHnI1JYzddDaVbEvxxOWWz0XEMbtYQXePjoVRO&#xD;
WgTfYvBNVcthzfI5c8rOLGbmoXPOyzb1Qj1poUAsmrDK79o4fu104suuvvxzw7D/E/0HdEEkH8zY&#xD;
afA6iZMr4EC3hw4vlp6gn+iZT747vzTUdO+oRWmebKU9ItMRjXWzvcSaFoVwdObXh5GZPeNlhosV&#xD;
mBdSNVmXc6dwTGQWOsvR09VhclI6gZPieClGaR+VZO1bTrSVnYmNlTIVBWZIKe+bieqdorRkY9qv&#xD;
x4s8WkM4cryt4GKBF05sgexa7BtWQSKPsWvZQRFzz4EUerwpwjuO5sktVpasowPPrgy5D/XUSU89&#xD;
r67+RHV1Lx2hawglY/sOy2Uj7AjyP2bJlokBNVQdRXUjJyTkxahfp+i6QHHLV/WLCxCfbXM+ea7B&#xD;
S7ezigv+fPJqKJk+nE9eA8xXn1E/MAfIPJs82GvpzfnMC65SAoZnkxd0CSY+n3oevLk7n3qAHlLZ&#xD;
c4mz+pzysgziYgZ5M6zhOGNeZubeNqODvA451NkRhWtULICb+HrEugA0ebQd8UBEQON5wLmA1zHM&#xD;
hGzsHoWXBRppOzhgeCwgeLEKCR9Ku+loGlCxgLIc0a+2HfkfeowfDaTUbsSrXpfvx57IiP6FjGg8&#xD;
SdW8m8qGUdJ3MwbgX+gVQOqsB5LJVB9ZAt3LGdIbeyGER9o5KJr6RhuJPnkWrNEAv7E2ViG+r0E4&#xD;
GjyN4KAOFqobGMSlhYTgv8qNTvOZisdABMUxePcyMiEi5E1X2plpzQko6peOXpA9ukZwaHHxDAm2&#xD;
p2sgQhyqT16AfNfWZCRNtA6HUJEyDTfPIbOSQwG07wDmPB4AAFaX7jYYLxoIiJFDgCTvv4kXmIb2&#xD;
ZPn4FkYkWwwVOtEcLH0CrCaBdXlx/e6HS/zfde/+D3+md8aXJwAA</IconData>
  <Created>2024-04-09T19:37:09.517538+01:00</Created>
  <Modified>2024-04-09T19:37:09.517538+01:00</Modified>
  <Description>Imaginary American company registration details depicting Doughnut Dynamics as a friendly, innovative bakery.</Description>
  <Instructions>Utilize this list to align responses with the context of Doughnut Dynamics operations.</Instructions>
  <Items>
    <ListItem>
      <Key>Company Name</Key>
      <Value>Doughnut Dynamics</Value>
      <Comment />
    </ListItem>
    <ListItem>
      <Key>Industry</Key>
      <Value>Food &amp; Beverages</Value>
      <Comment />
    </ListItem>
    <ListItem>
      <Key>Type of Business</Key>
      <Value>Private</Value>
      <Comment />
    </ListItem>
    <ListItem>
      <Key>Founded</Key>
      <Value>2015</Value>
      <Comment />
    </ListItem>
    <ListItem>
      <Key>Founder(s)</Key>
      <Value>Jamie Dough &amp; Chris Dynamic</Value>
      <Comment />
    </ListItem>
    <ListItem>
      <Key>Headquarters</Key>
      <Value>Brooklyn, New York, USA</Value>
      <Comment />
    </ListItem>
    <ListItem>
      <Key>Number of Employees</Key>
      <Value>50-100</Value>
      <Comment />
    </ListItem>
    <ListItem>
      <Key>Products</Key>
      <Value>Doughnuts, Croissants, Muffins (including gluten-free, sugar-free, and vegan options)</Value>
      <Comment />
    </ListItem>
    <ListItem>
      <Key>Revenue</Key>
      <Value>Estimated $5M - $10M annually</Value>
      <Comment />
    </ListItem>
    <ListItem>
      <Key>Mission Statement</Key>
      <Value>'Making the world sweeter, one doughnut at a time.'</Value>
      <Comment />
    </ListItem>
    <ListItem>
      <Key>Website</Key>
      <Value>www.doughnutdynamics.com</Value>
      <Comment />
    </ListItem>
    <ListItem>
      <Key>Customer Service Contact</Key>
      <Value>support@doughnutdynamics.com</Value>
      <Comment />
    </ListItem>
    <ListItem>
      <Key>Loyalty Program</Key>
      <Value>Earn points with every purchase, redeemable for free items.</Value>
      <Comment />
    </ListItem>
    <ListItem>
      <Key>Social Responsibility</Key>
      <Value>Engages in local community events and supports food banks; uses eco-friendly packaging.</Value>
      <Comment />
    </ListItem>
  </Items>
</ListInfo>