﻿<ListInfo>
  <Name>Writing - Style - UK</Name>
  <IconType>.svg</IconType>
  <IconData>H4sIAAAAAAAACn1T226bQBB9z1dsN6+wN+6WSSTbJK6UJpHquOpTRfAWViaAgILTr+8sJsZtokqw&#xD;
zMyePWdmdphfH15y1Mm6UWURYk4YRrJIyp0q0hA/bW5MH19fXcw/rR6Wm++PEWq6FD0+Le4+LxE2&#xD;
Kf1mLSldbVbo6/YWccIpje4xwlnbVjNK+74nvUXKOqW3dVxlKmkoAKkGwiEKZJyTXbvDIKGZzxLh&#xD;
GKldiO/iV1n/AAfyLJrwA2bBGNNMI2R2yFWx/wjIgyCgwy5AQ8yqA0av47dXuzYLsbC1k0mVZu2b&#xD;
1ynZL0p9ADEkbHh0i+LnXJrPcbJP6/JXAYkWskdnCMhl1lRxIkNc1bKRdSehSITm6VCWSspi8CFS&#xD;
xW2GIPZFcMPeCiISZpiMuK5eHdswORHTsrYBcNxmx+gEgrfjxF8L/hujnyrPQ3wZuN5itcT0XzHL&#xD;
sDvuER/EjmSaZSTRb8Yd4iajziB+QmitrX1SiNwoiKL3CjwgvsEz0yKeZ/m5aRPH8jxDiLXe+Q81&#xD;
tGAJveA6KBixXQOcgWwqS1j8RsCwltBj1eprJMx9n4NLHANGzMk4H+xgMr3JhD5M9hkEWjDZ1mC/&#xD;
JVCUhcSoaetyD1d86Viu70M6x4A5jhOgxwBMnUziKsTDtJzCL6qVda7gA+C/q/GOxcxpCv+Gnu+r&#xD;
iz+y7EqprQMAAA==</IconData>
  <Created>2024-04-08T14:10:24.4025576+01:00</Created>
  <Modified>2024-04-08T14:10:24.4025576+01:00</Modified>
  <Description>A list capturing the detailed aspects of communication and writing styles based on example texts.</Description>
  <Instructions>This list now contains updated keys and values to match the distinctive writing style. It should be used as a reference to ensure consistency in writing style.</Instructions>
  <IsReadOnly>true</IsReadOnly>
  <Items>
    <ListItem>
      <Key>Language</Key>
      <Value>Standard British English</Value>
      <Comment />
    </ListItem>
    <ListItem>
      <Key>Localisation</Key>
      <Value>Convert American English words to British English.</Value>
    </ListItem>
  </Items>
</ListInfo>