﻿<ListInfo>
  <Name>Context - Operating System</Name>
  <IconType>.svg</IconType>
  <IconData>H4sIAAAAAAAEAIWTbW+bMBCAv/dXeN5XsH3G5iUKrVSStJW6rdLSTvs0UcIAlUFEGKT79TsTSDIp&#xD;
0gTS+Xwvfu7Ont/sf5WkS5tdUVchBSYoSauk3hRVFtLn9cr26c311fzD4ku0/v60JLsuI0/Pt48P&#xD;
EaE259+ciPPFekG+vtwRYMD58jMlNG/b7Yzzvu9Z77C6yfhdE2/zItlxdOTGEYM4JgNgm3ZD8QiT&#xD;
+QwEKCk2IX2M39PmByrIWe3CC5mlEMJkGl1m+7Ko3i45QhAEfLCia0jFdk/J+yj7YtPmIZXKKHla&#xD;
ZHk7aV2R9re1CSCCSIW/aVH8Wqb2a5y8ZU39u0LQKu3JmQeyzHbbOElDum3SXdp0KRZJyDwbyiqS&#xD;
uhp03GnSpDVAIAYe8Jk+AqkTjUPJz6IsQ/rRXwYqiCgf47dxmxPM+Qk08zxtSSe3PaZ1YgsG0vEt&#xD;
YeFKSm0ECJBnKopOJIODGyhlCaZdHywbmHTRYxSjmmumPJ1MrpN1jPknpBMRuJaUzA9830KwQUrH&#xD;
OjL++W85UlryXpoqtMZIhAQ8SynPMyvoAFGsyXjYB/PlEiuaYsCUNtpseHEi3JWHDaQbnPAY/E88&#xD;
2nF9Xxx5pvFIMxacj3M2HghO8wF1zKBWkVj6FyoChk3IbYdhA1Vpa+ykiz3x7o3FNNY9tNVAa5hW&#xD;
rgtIzlyh3QM+mhBeuQZ9SHmClw6sJF6kGu9e0ZrrjS9pAJnzDF+ZeSnXV38BM3B3N/cDAAA=</IconData>
  <Created>2024-03-10T21:58:58.6862532+00:00</Created>
  <Modified>2024-03-10T21:58:58.6862532+00:00</Modified>
  <Description>Contains information about your operating system and general environment settings. It helps the AI understand the technical context you're operating in, including software compatibility and specific OS features.</Description>
  <Instructions>Utilize this list to understand the user's operating system environment, including specific versions and configurations. This is important for tailoring technical advice and troubleshooting steps.</Instructions>
  <IsReadOnly>true</IsReadOnly>
  <Items>
    <ListItem>
      <Key>OS</Key>
      <Value>Windows 11</Value>
      <Comment>The operating system currently in use.</Comment>
    </ListItem>
    <ListItem>
      <Key>Version</Key>
      <Value>21H2</Value>
      <Comment>Version of Windows 11.</Comment>
    </ListItem>
    <ListItem>
      <Key>Architecture</Key>
      <Value>64-bit</Value>
      <Comment>The system architecture.</Comment>
    </ListItem>
    <ListItem>
      <Key>Update Status</Key>
      <Value>Up-to-date</Value>
      <Comment>The current update status of the operating system.</Comment>
    </ListItem>
    <ListItem>
      <Key>Feature Experience</Key>
      <Value>Windows Feature Experience Pack 120.2212.3920.0</Value>
      <Comment>Specific feature experience pack version.</Comment>
    </ListItem>
    <ListItem>
      <Key>Security</Key>
      <Value>Secure Boot Enabled, BitLocker Enabled</Value>
      <Comment>Security features that are enabled.</Comment>
    </ListItem>
    <ListItem>
      <Key>UEFI</Key>
      <Value>Enabled</Value>
      <Comment>Indicates if UEFI is enabled.</Comment>
    </ListItem>
    <ListItem>
      <Key>TPM</Key>
      <Value>Version 2.0</Value>
      <Comment>Trusted Platform Module version.</Comment>
    </ListItem>
  </Items>
</ListInfo>