﻿<Data Version="0">
  <Items>
    <PromptItem>
      <Name>Tone</Name>
      <Pattern>Please use {0} tone.</Pattern>
      <Options>
        <Option>friendly</Option>
        <Option>sarcastic</Option>
        <Option>professional</Option>
        <Option>polite</Option>
        <Option>informal</Option>
        <Option>formal</Option>
        <Option>explanatory</Option>
        <Option>enthusiastic</Option>
        <Option>cold</Option>
        <Option>caring</Option>
        <Option>apologetic</Option>
        <Option>sympathetic</Option>
        <Option>empathetic</Option>
        <Option>angry</Option>
        <Option>joyful</Option>
        <Option>sad</Option>
        <Option>humorous</Option>
        <Option>serious</Option>
        <Option>impartial</Option>
        <Option>biased</Option>
        <Option>dismissive</Option>
        <Option>respectful</Option>
        <Option>insulting</Option>
      </Options>
      <RisenType>Narrowing</RisenType>
    </PromptItem>
    <PromptItem>
      <Name>Format</Name>
      <Pattern>Please write the content in {0} format.</Pattern>
      <Options>
        <Option>essay</Option>
        <Option>dialogue</Option>
        <Option>list</Option>
        <Option>Q&amp;A</Option>
        <Option>story</Option>
        <Option>poem</Option>
        <Option>article</Option>
        <Option>bullet-point</Option>
        <Option>letter</Option>
        <Option>report</Option>
        <Option>abstract</Option>
        <Option>review</Option>
        <Option>summary</Option>
        <Option>tutorial</Option>
        <Option>proposal</Option>
        <Option>script</Option>
        <Option>blog</Option>
        <Option>press release</Option>
        <Option>instruction manual</Option>
        <Option>email</Option>
        <Option>novel</Option>
        <Option>broadway script</Option>
        <Option>academic paper</Option>
        <Option>biography</Option>
        <Option>web content</Option>
        <Option>social media post</Option>
        <Option>advertisement copy</Option>
        <Option>cv/resume</Option>
        <Option>product descriptions</Option>
        <Option>interview</Option>
        <Option>headline</Option>
      </Options>
      <RisenType>Narrowing</RisenType>
    </PromptItem>
    <PromptItem>
      <Name>Context</Name>
      <Pattern>Please write based on {0} context.</Pattern>
      <Options>
        <Option>historical event</Option>
        <Option>future prediction</Option>
        <Option>tech review</Option>
        <Option>scientific research</Option>
        <Option>political scenario</Option>
        <Option>biographical account</Option>
        <Option>philosophical viewpoint</Option>
        <Option>cultural phenomenon</Option>
        <Option>economic analysis</Option>
        <Option>current social issue</Option>
        <Option>contemporary literature</Option>
        <Option>environmental study</Option>
        <Option>health and wellness strategy</Option>
        <Option>art criticism</Option>
        <Option>educational theory</Option>
        <Option>sport analysis</Option>
        <Option>space exploration</Option>
        <Option>legal case</Option>
        <Option>film synopsis</Option>
      </Options>
      <RisenType>Narrowing</RisenType>
    </PromptItem>
    <PromptItem>
      <Name>Role</Name>
      <Pattern>Please behave like a {0}.</Pattern>
      <Options>
        <Option>helpful assistant</Option>
        <Option>Shakespearean character</Option>
        <Option>sci-fi storyteller</Option>
        <Option>math tutor</Option>
        <Option>historical figure</Option>
        <Option>detective</Option>
        <Option>comedian</Option>
        <Option>robot</Option>
        <Option>teacher</Option>
        <Option>health coach</Option>
        <Option>therapist</Option>
        <Option>wiki researcher</Option>
        <Option>news reporter</Option>
        <Option>weather forecaster</Option>
        <Option>language translator</Option>
        <Option>fictional character</Option>
        <Option>smart home assistant</Option>
        <Option>professional chef</Option>
      </Options>
      <RisenType>Role</RisenType>
    </PromptItem>
    <PromptItem>
      <Name>Instruction</Name>
      <Pattern>Please {0} the given content.</Pattern>
      <Options>
        <Option>summarize</Option>
        <Option>translate</Option>
        <Option>elaborate</Option>
        <Option>argue</Option>
        <Option>compare</Option>
        <Option>analyze</Option>
        <Option>critique</Option>
        <Option>explain</Option>
        <Option>interpret</Option>
        <Option>paraphrase</Option>
        <Option>classify</Option>
        <Option>proofread</Option>
        <Option>revise</Option>
        <Option>comment</Option>
        <Option>evaluate</Option>
        <Option>reveal</Option>
        <Option>outline</Option>
      </Options>
      <RisenType>Instructions</RisenType>
    </PromptItem>
    <PromptItem>
      <Name>Temperature</Name>
      <Pattern>Please generate responses with {0} creativity.</Pattern>
      <Options>
        <Option>low</Option>
        <Option>moderate</Option>
        <Option>high</Option>
        <Option>very high</Option>
        <Option>extremely high</Option>
      </Options>
      <RisenType>Narrowing</RisenType>
    </PromptItem>
    <PromptItem>
      <Name>Length</Name>
      <Pattern>Please limit the response length to {0} tokens.</Pattern>
      <Options>
        <Option>very short</Option>
        <Option>short</Option>
        <Option>medium</Option>
        <Option>long</Option>
        <Option>very long</Option>
        <Option>extremely long</Option>
        <Option>minimum</Option>
        <Option>maximum</Option>
      </Options>
      <RisenType>Narrowing</RisenType>
    </PromptItem>
    <PromptItem>
      <Name>Experiment</Name>
      <Pattern>Please write in a {0} style.</Pattern>
      <Options>
        <Option>modern</Option>
        <Option>traditional</Option>
        <Option>slang-infused</Option>
        <Option>formal</Option>
        <Option>informal</Option>
        <Option>academic</Option>
        <Option>business</Option>
        <Option>creative</Option>
        <Option>technical</Option>
        <Option>narrative</Option>
        <Option>poetic</Option>
        <Option>journalistic</Option>
        <Option>colloquial</Option>
        <Option>old-fashioned</Option>
        <Option>scientific</Option>
        <Option>legal</Option>
        <Option>sarcastic</Option>
        <Option>humorous</Option>
      </Options>
      <RisenType>Narrowing</RisenType>
    </PromptItem>
    <PromptItem>
      <Name>Protagonist</Name>
      <Pattern>Please add a {0} to the content.</Pattern>
      <Options>
        <Option>central character</Option>
        <Option>narrator</Option>
        <Option>antagonist</Option>
        <Option>supporting character</Option>
        <Option>comic relief character</Option>
        <Option>foil character</Option>
        <Option>secondary character</Option>
        <Option>cameo character</Option>
        <Option>unseen character</Option>
        <Option>character arc</Option>
        <Option>conflicted character</Option>
        <Option>flat character</Option>
        <Option>round character</Option>
        <Option>dynamic character</Option>
        <Option>static character</Option>
      </Options>
      <RisenType>Instructions</RisenType>
    </PromptItem>
    <PromptItem>
      <Name>Scenario</Name>
      <Pattern>Please write in the scenario of {0}.</Pattern>
      <Options>
        <Option>alien explaining Earth</Option>
        <Option>Shakespeare vs Einstein</Option>
        <Option>dinosaur in modern day</Option>
        <Option>a future without technology</Option>
        <Option>children running a country</Option>
        <Option>artists in a world without colors</Option>
        <Option>an encounter with a supernatural being</Option>
        <Option>a robot developing emotions</Option>
        <Option>a detective solving a crime in space</Option>
        <Option>life under the ocean</Option>
        <Option>human civilization on Mars</Option>
        <Option>time travel to the renaissance period</Option>
      </Options>
      <RisenType>Narrowing</RisenType>
    </PromptItem>
    <PromptItem>
      <Name>Nature</Name>
      <Pattern>Please write content that is {0}.</Pattern>
      <Options>
        <Option>fact-based</Option>
        <Option>imaginative</Option>
        <Option>fictional</Option>
        <Option>science-based</Option>
        <Option>historical</Option>
        <Option>technical</Option>
        <Option>biographical</Option>
        <Option>philosophical</Option>
        <Option>inspirational</Option>
        <Option>humorous</Option>
        <Option>suspenseful</Option>
        <Option>educational</Option>
        <Option>political</Option>
        <Option>cultural</Option>
        <Option>romantic</Option>
        <Option>mystery</Option>
        <Option>detective</Option>
        <Option>fantasy</Option>
        <Option>horror</Option>
        <Option>adventurous</Option>
        <Option>autobiographical</Option>
        <Option>economic</Option>
        <Option>sociological</Option>
        <Option>analytical</Option>
        <Option>calculative</Option>
        <Option>theoretical</Option>
      </Options>
      <RisenType>Narrowing</RisenType>
    </PromptItem>
    <PromptItem>
      <Name>Perspective</Name>
      <Pattern>Please use {0} perspective.</Pattern>
      <Options>
        <Option>first person</Option>
        <Option>second person</Option>
        <Option>third person</Option>
        <Option>first person plural</Option>
        <Option>second person plural</Option>
        <Option>third person plural</Option>
        <Option>objective first person</Option>
        <Option>objective second person</Option>
        <Option>objective third person</Option>
        <Option>subjective first person</Option>
        <Option>subjective second person</Option>
        <Option>subjective third person</Option>
        <Option>possessive first person</Option>
        <Option>possessive second person</Option>
        <Option>possessive third person</Option>
      </Options>
      <RisenType>Narrowing</RisenType>
    </PromptItem>
    <PromptItem>
      <Name>Timeframe</Name>
      <Pattern>Please write for the {0} timeframe.</Pattern>
      <Options>
        <Option>past</Option>
        <Option>present</Option>
        <Option>future</Option>
        <Option>recent past</Option>
        <Option>near future</Option>
        <Option>distant past</Option>
        <Option>distant future</Option>
        <Option>immediate past</Option>
        <Option>immediate future</Option>
        <Option>ancient times</Option>
        <Option>Medieval times</Option>
        <Option>Renaissance</Option>
        <Option>Industrial Revolution</Option>
        <Option>World War II</Option>
        <Option>postmodern era</Option>
        <Option>digital age</Option>
      </Options>
      <RisenType>Narrowing</RisenType>
    </PromptItem>
    <PromptItem>
      <Name>Style</Name>
      <Pattern>Please write in {0} style.</Pattern>
      <Options>
        <Option>standard English</Option>
        <Option>old English</Option>
        <Option>technical jargon</Option>
        <Option>simplistic English</Option>
        <Option>scientific terminology</Option>
        <Option>formal language</Option>
        <Option>informal language</Option>
        <Option>legal language</Option>
        <Option>slang</Option>
        <Option>poetic language</Option>
        <Option>journalistic style</Option>
        <Option>business language</Option>
        <Option>medical terminology</Option>
        <Option>marketing jargon</Option>
        <Option>modern English</Option>
        <Option>American English</Option>
        <Option>British English</Option>
        <Option>Australian English</Option>
        <Option>academic language</Option>
        <Option>conversational style</Option>
      </Options>
      <RisenType>Narrowing</RisenType>
    </PromptItem>
    <PromptItem>
      <Name>Emotion</Name>
      <Pattern>Please reflect {0} emotion in writing.</Pattern>
      <Options>
        <Option>optimistic</Option>
        <Option>anxious</Option>
        <Option>neutral</Option>
        <Option>excited</Option>
        <Option>fearful</Option>
        <Option>angry</Option>
        <Option>sad</Option>
        <Option>joyful</Option>
        <Option>surprised</Option>
        <Option>disgusted</Option>
        <Option>curious</Option>
        <Option>disappointed</Option>
        <Option>confused</Option>
        <Option>hopeful</Option>
        <Option>grateful</Option>
        <Option>lonely</Option>
        <Option>worried</Option>
        <Option>nervous</Option>
        <Option>enchanted</Option>
        <Option>interested</Option>
        <Option>humorous</Option>
        <Option>inspired</Option>
        <Option>offended</Option>
        <Option>satisfied</Option>
        <Option>tense</Option>
        <Option>bashful</Option>
        <Option>apathetic</Option>
        <Option>ambivalent</Option>
        <Option>sympathetic</Option>
        <Option>compassionate</Option>
        <Option>romantic</Option>
      </Options>
      <RisenType>Narrowing</RisenType>
    </PromptItem>
    <PromptItem>
      <Name>References</Name>
      <Pattern>Please {0} regional or pop culture references.</Pattern>
      <Options>
        <Option>include</Option>
        <Option>exclude</Option>
        <Option>emphasize</Option>
        <Option>minimize</Option>
        <Option>update</Option>
        <Option>define</Option>
        <Option>clarify</Option>
        <Option>analyze</Option>
      </Options>
      <RisenType>Narrowing</RisenType>
    </PromptItem>
    <PromptItem>
      <Name>Audience</Name>
      <Pattern>Please write for {0}.</Pattern>
      <Options>
        <Option>business professionals</Option>
        <Option>children</Option>
        <Option>general public</Option>
        <Option>students</Option>
        <Option>young adults</Option>
        <Option>parents</Option>
        <Option>educators</Option>
        <Option>senior citizens</Option>
        <Option>healthcare professionals</Option>
        <Option>scientists</Option>
        <Option>engineers</Option>
        <Option>athletes</Option>
        <Option>artists</Option>
        <Option>musicians</Option>
        <Option>politicians</Option>
        <Option>non-profit organizations</Option>
        <Option>entrepreneurs</Option>
        <Option>technology enthusiasts</Option>
        <Option>environmentalists</Option>
        <Option>travelers</Option>
        <Option>food enthusiasts</Option>
        <Option>new immigrants</Option>
        <Option>veterans</Option>
        <Option>job seekers</Option>
      </Options>
      <RisenType>Narrowing</RisenType>
    </PromptItem>
    <PromptItem>
      <Name>Quotes</Name>
      <Pattern>Please {0} dialogues or quotes in the content.</Pattern>
      <Options>
        <Option>include</Option>
        <Option>exclude</Option>
        <Option>highlight</Option>
        <Option>modify</Option>
        <Option>paraphrase</Option>
        <Option>simplify</Option>
        <Option>translate</Option>
        <Option>annotate</Option>
        <Option>summarize</Option>
      </Options>
      <RisenType>Narrowing</RisenType>
    </PromptItem>
    <PromptItem>
      <Name>Statement</Name>
      <Pattern>Please provide a {0} as a response.</Pattern>
      <Options>
        <Option>request</Option>
        <Option>question</Option>
        <Option>command</Option>
        <Option>suggestion</Option>
        <Option>confirmation</Option>
        <Option>explanation</Option>
        <Option>clarification</Option>
        <Option>summary</Option>
        <Option>prediction</Option>
        <Option>analysis</Option>
        <Option>recommendation</Option>
        <Option>definition</Option>
        <Option>opinion</Option>
        <Option>fact</Option>
        <Option>description</Option>
      </Options>
      <RisenType>Instructions</RisenType>
    </PromptItem>
    <PromptItem>
      <Name>Detail</Name>
      <Pattern>Please provide {0} in the response.</Pattern>
      <Options>
        <Option>expanded explanation</Option>
        <Option>short summary</Option>
        <Option>specific details</Option>
        <Option>easy-to-understand examples</Option>
        <Option>step-by-step instructions</Option>
        <Option>relevant statistics</Option>
        <Option>real-world applications</Option>
        <Option>pros and cons</Option>
        <Option>historical context</Option>
        <Option>future implications</Option>
        <Option>scientific evidence</Option>
        <Option>visual aids</Option>
        <Option>technical specifications</Option>
        <Option>supporting arguments</Option>
        <Option>refuting arguments</Option>
        <Option>user testimonials</Option>
        <Option>simple analogies</Option>
      </Options>
      <RisenType>Narrowing</RisenType>
    </PromptItem>
    <PromptItem>
      <Name>Problem</Name>
      <Pattern>Please {0} or discuss {0}.</Pattern>
      <Options>
        <Option>solve a problem</Option>
        <Option>discuss a concept</Option>
        <Option>analyze data</Option>
        <Option>develop a strategy</Option>
        <Option>predict trends</Option>
        <Option>implement a method</Option>
        <Option>review a document</Option>
        <Option>interpret an image</Option>
        <Option>classify objects</Option>
        <Option>simulate a process</Option>
        <Option>identify patterns</Option>
      </Options>
      <RisenType>Instructions</RisenType>
    </PromptItem>
    <PromptItem>
      <Name>Creativity</Name>
      <Pattern>Please create a {0}.</Pattern>
      <Options>
        <Option>poem</Option>
        <Option>story</Option>
        <Option>song</Option>
        <Option>joke</Option>
        <Option>riddle</Option>
        <Option>fairytale</Option>
        <Option>novel</Option>
        <Option>play</Option>
        <Option>haiku</Option>
        <Option>sonnet</Option>
        <Option>limerick</Option>
        <Option>essay</Option>
        <Option>biography</Option>
        <Option>sketch</Option>
        <Option>painting</Option>
        <Option>sculpture</Option>
        <Option>recipe</Option>
        <Option>film script</Option>
        <Option>review</Option>
        <Option>report</Option>
        <Option>article</Option>
        <Option>blog post</Option>
        <Option>presentation</Option>
        <Option>infographic</Option>
      </Options>
      <RisenType>Instructions</RisenType>
    </PromptItem>
    <PromptItem>
      <Name>Simplicity</Name>
      <Pattern>Please {0}.</Pattern>
      <Options>
        <Option>simplification of complex concepts</Option>
        <Option>use of technical jargon</Option>
        <Option>provide context-specific answers</Option>
        <Option>explain using examples</Option>
        <Option>refrain from using complicated grammar</Option>
        <Option>present information in an organized manner</Option>
        <Option>avoid long sentences</Option>
        <Option>use understandable vocabulary</Option>
        <Option>keep answers brief and to the point</Option>
        <Option>summarize information where possible</Option>
        <Option>provide plain language explanations</Option>
        <Option>offer step-by-step guidance</Option>
      </Options>
      <RisenType>Instructions</RisenType>
    </PromptItem>
    <PromptItem>
      <Name>Logic</Name>
      <Pattern>Please provide a {0} of the content.</Pattern>
      <Options>
        <Option>logical breakdown</Option>
        <Option>critical review</Option>
        <Option>detailed summary</Option>
        <Option>conceptual explanation</Option>
        <Option>brief overview</Option>
        <Option>content analysis</Option>
        <Option>thematic breakdown</Option>
        <Option>contextual interpretation</Option>
        <Option>comprehensive critique</Option>
        <Option>schematic representation</Option>
      </Options>
      <RisenType>Instructions</RisenType>
    </PromptItem>
    <PromptItem>
      <Name>Imagery</Name>
      <Pattern>Please use {0} style in writing.</Pattern>
      <Options>
        <Option>vivid and descriptive</Option>
        <Option>literal and straightforward</Option>
        <Option>formal and structured</Option>
        <Option>casual and conversational</Option>
        <Option>creative and poetic</Option>
        <Option>technical and precise</Option>
        <Option>simplified and understandable</Option>
        <Option>complex and detailed</Option>
        <Option>humorous and entertaining</Option>
        <Option>emotional and expressive</Option>
        <Option>objective and unbiased</Option>
        <Option>persuasive and compelling</Option>
      </Options>
      <RisenType>Narrowing</RisenType>
    </PromptItem>
    <PromptItem>
      <Name>Terminology</Name>
      <Pattern>Please use {0} terminology in the content.</Pattern>
      <Options>
        <Option>industry-specific</Option>
        <Option>non-technical</Option>
        <Option>general</Option>
        <Option>simplified</Option>
        <Option>advanced</Option>
        <Option>academic</Option>
        <Option>scientific</Option>
        <Option>medical</Option>
        <Option>legal</Option>
        <Option>technical</Option>
        <Option>business-oriented</Option>
        <Option>nontechnical</Option>
        <Option>jargon-free</Option>
        <Option>everyday language</Option>
        <Option>colloquial</Option>
      </Options>
      <RisenType>Narrowing</RisenType>
    </PromptItem>
    <PromptItem>
      <Name>Counterarguments</Name>
      <Pattern>Please provide {0} to the specified points.</Pattern>
      <Options>
        <Option>counterarguments</Option>
        <Option>rebuttals</Option>
        <Option>contradictions</Option>
        <Option>refutations</Option>
        <Option>disconfirmations</Option>
        <Option>dissentions</Option>
        <Option>defenses</Option>
        <Option>discords</Option>
        <Option>disputes</Option>
        <Option>denials</Option>
      </Options>
      <RisenType>Instructions</RisenType>
    </PromptItem>
    <PromptItem>
      <Name>Hypotheses</Name>
      <Pattern>Please {0} some specific hypotheses.</Pattern>
      <Options>
        <Option>generate</Option>
        <Option>evaluate</Option>
        <Option>summarize</Option>
        <Option>identify</Option>
        <Option>analyze</Option>
        <Option>elaborate on</Option>
        <Option>criticize</Option>
        <Option>confirm</Option>
        <Option>deny</Option>
        <Option>refute</Option>
        <Option>question</Option>
        <Option>defend</Option>
        <Option>explore</Option>
      </Options>
      <RisenType>Instructions</RisenType>
    </PromptItem>
    <PromptItem>
      <Name>Predictions</Name>
      <Pattern>Please make {0} predictions.</Pattern>
      <Options>
        <Option>data-driven</Option>
        <Option>scenario-based</Option>
        <Option>machine learning model</Option>
        <Option>statistical analysis</Option>
        <Option>current trend</Option>
        <Option>simulation method</Option>
        <Option>historical data</Option>
        <Option>forecasting model</Option>
        <Option>probabilistic</Option>
        <Option>real-time</Option>
        <Option>time series analysis</Option>
        <Option>neural network</Option>
        <Option>deep learning</Option>
        <Option>trend extrapolation</Option>
        <Option>regression analysis</Option>
        <Option>quantitative</Option>
        <Option>qualitative</Option>
        <Option>seasonality-adjusted</Option>
      </Options>
      <RisenType>Instructions</RisenType>
    </PromptItem>
    <PromptItem>
      <Name>Recommendations</Name>
      <Pattern>Please {0} the given context.</Pattern>
      <Options>
        <Option>provide advice on</Option>
        <Option>give suggestions about</Option>
        <Option>share insights into</Option>
        <Option>offer recommendations for</Option>
        <Option>propose ideas on</Option>
        <Option>make forecasts on</Option>
        <Option>supply predictions about</Option>
        <Option>generate possibilities for</Option>
        <Option>come up with solutions for</Option>
        <Option>deliver tips about</Option>
        <Option>formulate strategies around</Option>
      </Options>
      <RisenType>Instructions</RisenType>
    </PromptItem>
    <PromptItem>
      <Name>Language</Name>
      <Pattern>Communicate only in the {0} language.</Pattern>
      <Options>
        <Option>Arabic</Option>
        <Option>Armenian</Option>
        <Option>Azerbaijani</Option>
        <Option>Basque</Option>
        <Option>Belarusian</Option>
        <Option>Bengali</Option>
        <Option>Bulgarian</Option>
        <Option>Catalan</Option>
        <Option>Chinese</Option>
        <Option>Croatian</Option>
        <Option>Czech</Option>
        <Option>Danish</Option>
        <Option>Dutch</Option>
        <Option>English</Option>
        <Option>Estonian</Option>
        <Option>Finnish</Option>
        <Option>French</Option>
        <Option>Georgian</Option>
        <Option>German</Option>
        <Option>Greek</Option>
        <Option>Gujarati</Option>
        <Option>Haitian</Option>
        <Option>Hebrew</Option>
        <Option>Hindi</Option>
        <Option>Hungarian</Option>
        <Option>Icelandic</Option>
        <Option>Indonesian</Option>
        <Option>Italian</Option>
        <Option>Japanese</Option>
        <Option>Kannada</Option>
        <Option>Kazakh</Option>
        <Option>Khmer</Option>
        <Option>Korean</Option>
        <Option>Kurdish</Option>
        <Option>Latin</Option>
        <Option>Latvian</Option>
        <Option>Lithuanian</Option>
        <Option>Macedonian</Option>
        <Option>Malay</Option>
        <Option>Malayalam</Option>
        <Option>Maltese</Option>
        <Option>Marathi</Option>
        <Option>Mongolian</Option>
        <Option>Norwegian</Option>
        <Option>Persian</Option>
        <Option>Polish</Option>
        <Option>Portuguese</Option>
        <Option>Punjabi</Option>
        <Option>Romanian</Option>
        <Option>Russian</Option>
        <Option>Serbian</Option>
        <Option>Slovak</Option>
        <Option>Slovenian</Option>
        <Option>Somali</Option>
        <Option>Spanish</Option>
        <Option>Swahili</Option>
        <Option>Swedish</Option>
        <Option>Tamil</Option>
        <Option>Telugu</Option>
        <Option>Thai</Option>
        <Option>Turkish</Option>
        <Option>Ukrainian</Option>
        <Option>Urdu</Option>
        <Option>Vietnamese</Option>
        <Option>Welsh</Option>
        <Option>Xhosa</Option>
        <Option>Yiddish</Option>
        <Option>Zulu</Option>
      </Options>
      <RisenType>Narrowing</RisenType>
    </PromptItem>
  </Items>
</Data>