﻿<Data Version="0">
  <Items>
    <ListInfo>
      <Description>Update Instructions for application settings.</Description>
      <Items>
        <ListItem>
          <Key>/Template/® System - AI Window</Key>
          <Value>RestoreIfNotExists</Value>
        </ListItem>
        <ListItem>
          <Key>/Template/® System - Audio-To-Text</Key>
          <Value>RestoreIfNotExists</Value>
        </ListItem>
        <ListItem>
          <Key>/Template/® System - Create Image - Google</Key>
          <Value>RestoreIfNotExists</Value>
        </ListItem>
        <ListItem>
          <Key>/Template/® System - Create Image - xAI</Key>
          <Value>RestoreIfNotExists</Value>
        </ListItem>
        <ListItem>
          <Key>/Template/® System - Format Message</Key>
          <Value>RestoreIfNotExists</Value>
        </ListItem>
        <ListItem>
          <Key>/Template/® System - Generate Icon</Key>
          <Value>RestoreIfNotExists</Value>
        </ListItem>
        <ListItem>
          <Key>/Template/® System - Generate Image</Key>
          <Value>RestoreIfNotExists</Value>
        </ListItem>
        <ListItem>
          <Key>/Template/® System - Generate Title</Key>
          <Value>RestoreIfNotExists</Value>
        </ListItem>
        <ListItem>
          <Key>/Template/® System - Generate Title - Google</Key>
          <Value>RestoreIfNotExists</Value>
        </ListItem>
        <ListItem>
          <Key>/Template/® System - Generate Title - xAI</Key>
          <Value>RestoreIfNotExists</Value>
        </ListItem>
        <ListItem>
          <Key>/Template/® System - Modify Image</Key>
          <Value>RestoreIfNotExists</Value>
        </ListItem>
        <ListItem>
          <Key>/Template/® System - Plugin Approval</Key>
          <Value>RestoreIfNotExists</Value>
        </ListItem>
        <ListItem>
          <Key>/Template/® System - Text-To-Audio</Key>
          <Value>RestoreIfNotExists</Value>
        </ListItem>
        <ListItem>
          <Key>/Template/® System - Text-To-Video</Key>
          <Value>RestoreIfNotExists</Value>
        </ListItem>
        <ListItem>
          <Key>/Template/® System - Video-To-Text</Key>
          <Value>RestoreIfNotExists</Value>
        </ListItem>
        <ListItem>
          <Key>/Template/® System - Video-To-Text - Google</Key>
          <Value>RestoreIfNotExists</Value>
        </ListItem>
        <ListItem>
          <Key>/Template/® System - Video-To-Text - xAI</Key>
          <Value>RestoreIfNotExists</Value>
        </ListItem>
      </Items>
    </ListInfo>
  </Items>
</Data>