﻿<ListInfo>
  <Name>Role - CEO</Name>
  <IconType>.svg</IconType>
  <IconData>H4sIAAAAAAAACu1WTW/bRhC951ewzJVc7s5+cNewEsCykhZI2wB1XPRUKBIrEVYoQVIkO7++b5YU&#xD;
bTFueityKCRhOcPZ+XjzdrSXr+8/rZJDtd3V62aUKiHTpGpm63ndLEbph5s3uU9fv3px+cP1r+Ob&#xD;
P95Pkt1hkbz/cPXup3GS5kXxux4XxfXNdfLb7dtECVUUk1/SJF3u95uLojgej+KoxXq7KN5up5tl&#xD;
PdsVMCzYEJsKOFNKzPfzFCHY85NEVJrU81H6bvpQbf+EgDyb3egZzySlZE+dycX9qm7unjNUIYQi&#xD;
voXpKJWb+zR56NZjPd8vRykZFpZVvVjuT9Khro5Xa96QyIQMvgzR9OOqyj9OZ3eL7fpzg0Sb6pg8&#xD;
sUAuF7vNdFaN0s222lXbQ4Uik+RyEcuqZ+smytBspvtlAt3PpITPzI8kaJZL4Vwms1wJyqSwpn3C&#xD;
76CMcDOZtQb8pnvBv6UR/oC9VpcWNngiy3uxylLxahzZ4brEKrHhZC6fGjy38YBk5FmEgd3Av26t&#xD;
T957o7jnbMvh5HiQ+SDxf8v72XRuSS3d/+h8Ax2wZ9YRjwmV9/Ri8t1aQWPSmWElETZlWCNlv6TJ&#xD;
X/VqNUpfTtwkTCZpMaS2shk9xoE7a225gn/LiShhjC8RWqKdnJ7xgRclmVn8LiapVCctY9/HOAll&#xD;
oADPWes/lvUY6gufqBIhcKhUEMHTKrdCe9RkliSCDt8HKU1M8gnyxuhoFpD6ScREhBFOHo5/1wYP&#xD;
PTdCcYVZX+tjN0irN4SJvsYgqvc864R0zzSHsdAABYmrss08doW68lxAW1j2GqsWSqM/OQllKJpr&#xD;
66Kd0jqiY2JXoacWLaPRSGZTCIbL9GgoRE9Qoy6pXesNUU5iHBmaJwzIoZ1v8QATSWjjYnQb0Wxl&#xD;
zkJKr2MjpSQQhj8zvJbKYoSyoXFxZAYlVS9223lboNJzV1AF1GQBMmdDGeeCQuGYHDORyliNLE20&#xD;
d2XbLa14VDtwmMMao5i83rZJe8/JYZGhRTBwEGW0iamjczzMZefZs+OSEBugKlCcsafIVvSEo2go&#xD;
tTCEhU8RKsLhJaJOimcJZIjskzK4Dg8ldEBkCWungTPH0nGvDbEn1gQ/VqiYpGdGlAHniWUZj42w&#xD;
UGTnhOn4lm8/r/BvVx2qZj2f9xw0Vz5cj78mHVwyi06kO+fcgHIDxg0IN+DbgG75gG98kGSwPeF6&#xD;
uWXc2IJmgN8Jr/DWZVYE7orvHg6YI8HhDxojjNEFjlSWJxwheqtDDyRwMmDfCUeITj/CeA7Bt2G0&#xD;
12E8GZ8dZd+DijtNldwrXJssrjRYS4GHe8IVBjenB+oUratm3VRpsttv13eI89LicHl5UuTdRUj1&#xD;
CvY9m25Gabzn9OpP9b7armosMD4fMeU/56XkMLFW8x1kpr/KLGr+28wuiwVuwnybffXibyZGtrib&#xD;
CwAA</IconData>
  <Description>This list outlines the major responsibilities and duties that a Chief Executive Officer (CEO) is typically expected to fulfill in a company. It serves as a comprehensive guide for understanding the pivotal role a CEO plays in leading and steering the organization towards its goals.</Description>
  <Instructions>When generating content related to job descriptions, performance evaluations, or leadership development programs specific to the CEO role, refer to this list for accurate role expectations and responsibilities. Ensure that the content aligns with the defined responsibilities to provide consistency and integrity in company documentation and processes.</Instructions>
  <Items>
    <ListItem>
      <Key>Vision and Leadership</Key>
      <Value>Establish and communicate the organization's strategic direction and lead the company towards the realization of its objectives.</Value>
      <Comment />
    </ListItem>
    <ListItem>
      <Key>Decision-Making</Key>
      <Value>Make high-level policy and investment decisions that guide the company.</Value>
      <Comment />
    </ListItem>
    <ListItem>
      <Key>Financial Oversight</Key>
      <Value>Ensure proper management of the company’s financial resources and operations to maximize profitability and sustainability.</Value>
      <Comment />
    </ListItem>
    <ListItem>
      <Key>Stakeholder Management</Key>
      <Value>Maintain strong relationships with investors, stakeholders, and key partners.</Value>
      <Comment />
    </ListItem>
    <ListItem>
      <Key>Corporate Culture</Key>
      <Value>Foster a strong corporate culture that aligns with the company’s values and mission.</Value>
      <Comment />
    </ListItem>
    <ListItem>
      <Key>Risk Management</Key>
      <Value>Identify and mitigate business risks to protect the company’s interests.</Value>
      <Comment />
    </ListItem>
    <ListItem>
      <Key>Public Representation</Key>
      <Value>Act as the public face of the company, representing it in professional and public settings.</Value>
      <Comment />
    </ListItem>
  </Items>
</ListInfo>