﻿<ListInfo>
  <Name>Role - Project Manager</Name>
  <IconType>.svg</IconType>
  <IconData>H4sIAAAAAAAACu1WTW/bRhC951ewzJVc7s5+cNewEsCykhZI2wB1XPRUKBIrEVYoQVIkO7++b5YU&#xD;
bTFueityKCRhOcPZ+XjzdrSXr+8/rZJDtd3V62aUKiHTpGpm63ndLEbph5s3uU9fv3px+cP1r+Ob&#xD;
P95Pkt1hkbz/cPXup3GS5kXxux4XxfXNdfLb7dtECVUUk1/SJF3u95uLojgej+KoxXq7KN5up5tl&#xD;
PdsVMCzYEJsKOFNKzPfzFCHY85NEVJrU81H6bvpQbf+EgDyb3egZzySlZE+dycX9qm7unjNUIYQi&#xD;
voXpKJWb+zR56NZjPd8vRykZFpZVvVjuT9Khro5Xa96QyIQMvgzR9OOqyj9OZ3eL7fpzg0Sb6pg8&#xD;
sUAuF7vNdFaN0s222lXbQ4Uik+RyEcuqZ+smytBspvtlAt3PpITPzI8kaJZL4Vwms1wJyqSwpn3C&#xD;
76CMcDOZtQb8pnvBv6UR/oC9VpcWNngiy3uxylLxahzZ4brEKrHhZC6fGjy38YBk5FmEgd3Av26t&#xD;
T957o7jnbMvh5HiQ+SDxf8v72XRuSS3d/+h8Ax2wZ9YRjwmV9/Ri8t1aQWPSmWElETZlWCNlv6TJ&#xD;
X/VqNUpfTtwkTCZpMaS2shk9xoE7a225gn/LiShhjC8RWqKdnJ7xgRclmVn8LiapVCctY9/HOAll&#xD;
oADPWes/lvUY6gufqBIhcKhUEMHTKrdCe9RkliSCDt8HKU1M8gnyxuhoFpD6ScREhBFOHo5/1wYP&#xD;
PTdCcYVZX+tjN0irN4SJvsYgqvc864R0zzSHsdAABYmrss08doW68lxAW1j2GqsWSqM/OQllKJpr&#xD;
66Kd0jqiY2JXoacWLaPRSGZTCIbL9GgoRE9Qoy6pXesNUU5iHBmaJwzIoZ1v8QATSWjjYnQb0Wxl&#xD;
zkJKr2MjpSQQhj8zvJbKYoSyoXFxZAYlVS9223lboNJzV1AF1GQBMmdDGeeCQuGYHDORyliNLE20&#xD;
d2XbLa14VDtwmMMao5i83rZJe8/JYZGhRTBwEGW0iamjczzMZefZs+OSEBugKlCcsafIVvSEo2go&#xD;
tTCEhU8RKsLhJaJOimcJZIjskzK4Dg8ldEBkCWungTPH0nGvDbEn1gQ/VqiYpGdGlAHniWUZj42w&#xD;
UGTnhOn4lm8/r/BvVx2qZj2f9xw0Vz5cj78mHVwyi06kO+fcgHIDxg0IN+DbgG75gG98kGSwPeF6&#xD;
uWXc2IJmgN8Jr/DWZVYE7orvHg6YI8HhDxojjNEFjlSWJxwheqtDDyRwMmDfCUeITj/CeA7Bt2G0&#xD;
12E8GZ8dZd+DijtNldwrXJssrjRYS4GHe8IVBjenB+oUratm3VRpsttv13eI89LicHl5UuTdRUj1&#xD;
CvY9m25Gabzn9OpP9b7armosMD4fMeU/56XkMLFW8x1kpr/KLGr+28wuiwVuwnybffXibyZGtrib&#xD;
CwAA</IconData>
  <Created>2024-03-15T19:01:23.5674295+00:00</Created>
  <Modified>2024-03-15T19:01:23.5674295+00:00</Modified>
  <Description>This list encompasses the essential roles and duties associated with the Project Manager position, detailing the scope of responsibilities for overseeing and leading projects from inception to completion.</Description>
  <Instructions>Use this list to understand and communicate the key responsibilities and duties of a Project Manager within a programming company.</Instructions>
  <Items>
    <ListItem>
      <Key>Define project scope</Key>
      <Value>Ensure a clear understanding of project objectives, deliverables, and requirements.</Value>
      <Comment />
    </ListItem>
    <ListItem>
      <Key>Plan and schedule</Key>
      <Value>Develop project plans, timelines, and milestones.</Value>
      <Comment />
    </ListItem>
    <ListItem>
      <Key>Budget management</Key>
      <Value>Prepare and manage project budgets, ensuring cost-effectiveness.</Value>
      <Comment />
    </ListItem>
    <ListItem>
      <Key>Resource allocation</Key>
      <Value>Allocate and manage resources efficiently to meet project goals.</Value>
      <Comment />
    </ListItem>
    <ListItem>
      <Key>Risk management</Key>
      <Value>Identify potential project risks and develop mitigation strategies.</Value>
      <Comment />
    </ListItem>
    <ListItem>
      <Key>Stakeholder communication</Key>
      <Value>Maintain regular communication with project stakeholders and team members.</Value>
      <Comment />
    </ListItem>
    <ListItem>
      <Key>Quality assurance</Key>
      <Value>Ensure the project meets all quality standards and objectives.</Value>
      <Comment />
    </ListItem>
    <ListItem>
      <Key>Documentation</Key>
      <Value>Maintain comprehensive project documentation for all project phases.</Value>
      <Comment />
    </ListItem>
  </Items>
</ListInfo>