﻿<ListInfo>
  <Name>Profile - CEO</Name>
  <IconType>.svg</IconType>
  <IconData>H4sIAAAAAAAACq1Ua2/TMBT9vl9hLCGBlMa+tvNsu0nLHkIaMIkNBN9K47VmWVIlWTv+Pdd2Wlap&#xD;
7AurVOX4+j7OOXYyOXl6qMhat51p6imFkFOi63lTmnoxpbc3F6OUkq6f1eWsamo9pXVDT46PJm/O&#xD;
Phc336/PSbdekOvb06sPBaEjxr7JgrGzmzPy5eslgRAYO/9ECV32/SpnbLPZhBsZNu2CXbaz1dLM&#xD;
O4aJzCZiEcNmAGHZlxRH2M4bU/ZLpMX5W0qW2iyW/Xa1Nnpz2jxNKSecRCDsnz5XApSgtrqbHpgu&#xD;
OOd22pCSP1Wmvj+UCFmWMbfrUvNuNZujC6tWd7pd6209LszdXr2LhPPmgVn/fldYdGeqatQ+VjrX&#xD;
a103ZTmeV2a1H+n6trnXIxyofzWmztvmsd5FH0yv28rgIxdjtIjgb7LwT4dXs35JTDml80ckpyhB&#xD;
+BFSFUghwugKUhlGgUgUYinS59hnFDJGFCMiSlmUuqdKAfccyrADxjjWRtxhkVgM4ipVHhQJ7HZj&#xD;
NZRY4LogsG1BqWHQjt6PPaPydvHzHUASQASB4PL9mLJ/KpVe6f8yKBySGRGCBzLCbkREsUeFyMQQ&#xD;
c3Zh1uvadkB+AoFzII1eVC+8ekfVnmchZOIREWBjQCCzpy1jiRKtIBxOIJGBVBmBGLNlbOXbiBS4&#xD;
k6Gw5HWskXLohXHXXapomOciyECKLScJ9oZaniLzzEWCa69lq++AU4JngWWGyl+0Cr8JO6tEIZU9&#xD;
BEspsfZk8QAg5oVHQnHkhP4I7ucLXkBmazgB6d4mzPDIVnmEjSC2x4qtfdWhu4330B4G0v5LecLw&#xD;
dZ7YL9Px0R9IyHj2mwUAAA==</IconData>
  <Created>2024-03-15T14:00:18.514604+00:00</Created>
  <Modified>2024-03-15T19:01:23.5512862+00:00</Modified>
  <Description>This list highlights the critical traits, skills, and qualifications that are desirable in a Chief Executive Officer (CEO), focusing on what makes a successful leader. It serves as a foundational resource for identifying, recruiting, and developing top executive talent.</Description>
  <Instructions>Use this list during the hiring process, leadership training, and executive development planning to ensure candidates and incumbents align with the ideal CEO profile. It can guide interview questions, candidate evaluations, and personal development initiatives focused on cultivating effective leadership qualities.</Instructions>
  <Items>
    <ListItem>
      <Key>Leadership Abilities</Key>
      <Status p4:nil="true" xmlns:p4="http://www.w3.org/2001/XMLSchema-instance" />
      <Value>Strong leadership skills with the ability to inspire and lead teams towards common goals.</Value>
      <Comment />
    </ListItem>
    <ListItem>
      <Key>Strategic Thinking</Key>
      <Status p4:nil="true" xmlns:p4="http://www.w3.org/2001/XMLSchema-instance" />
      <Value>Highly strategic mindset with the ability to anticipate future trends and challenges.</Value>
      <Comment />
    </ListItem>
    <ListItem>
      <Key>Financial Acumen</Key>
      <Status p4:nil="true" xmlns:p4="http://www.w3.org/2001/XMLSchema-instance" />
      <Value>Strong understanding of financial management principles and the broader economy.</Value>
      <Comment />
    </ListItem>
    <ListItem>
      <Key>Communication Skills</Key>
      <Status p4:nil="true" xmlns:p4="http://www.w3.org/2001/XMLSchema-instance" />
      <Value>Excellent communication and interpersonal skills to effectively convey the company's vision and goals.</Value>
      <Comment />
    </ListItem>
    <ListItem>
      <Key>Decision-Making</Key>
      <Status p4:nil="true" xmlns:p4="http://www.w3.org/2001/XMLSchema-instance" />
      <Value>Decisive and able to make tough decisions when necessary, even under pressure.</Value>
      <Comment />
    </ListItem>
    <ListItem>
      <Key>Problem-Solving Skills</Key>
      <Status p4:nil="true" xmlns:p4="http://www.w3.org/2001/XMLSchema-instance" />
      <Value>Strong analytical abilities with a problem-solving attitude.</Value>
      <Comment />
    </ListItem>
    <ListItem>
      <Key>Experience</Key>
      <Status p4:nil="true" xmlns:p4="http://www.w3.org/2001/XMLSchema-instance" />
      <Value>Extensive experience in business management or related fields, often including previous executive positions.</Value>
      <Comment />
    </ListItem>
  </Items>
</ListInfo>