﻿<ListInfo>
  <Name>Profile - Sales and Marketing Specialist</Name>
  <IconType>.svg</IconType>
  <IconData>H4sIAAAAAAAACq1Ua2/TMBT9vl9hLCGBlMa+tvNsu0nLHkIaMIkNBN9K47VmWVIlWTv+Pdd2Wlap&#xD;
7AurVOX4+j7OOXYyOXl6qMhat51p6imFkFOi63lTmnoxpbc3F6OUkq6f1eWsamo9pXVDT46PJm/O&#xD;
Phc336/PSbdekOvb06sPBaEjxr7JgrGzmzPy5eslgRAYO/9ECV32/SpnbLPZhBsZNu2CXbaz1dLM&#xD;
O4aJzCZiEcNmAGHZlxRH2M4bU/ZLpMX5W0qW2iyW/Xa1Nnpz2jxNKSecRCDsnz5XApSgtrqbHpgu&#xD;
OOd22pCSP1Wmvj+UCFmWMbfrUvNuNZujC6tWd7pd6209LszdXr2LhPPmgVn/fldYdGeqatQ+VjrX&#xD;
a103ZTmeV2a1H+n6trnXIxyofzWmztvmsd5FH0yv28rgIxdjtIjgb7LwT4dXs35JTDml80ckpyhB&#xD;
+BFSFUghwugKUhlGgUgUYinS59hnFDJGFCMiSlmUuqdKAfccyrADxjjWRtxhkVgM4ipVHhQJ7HZj&#xD;
NZRY4LogsG1BqWHQjt6PPaPydvHzHUASQASB4PL9mLJ/KpVe6f8yKBySGRGCBzLCbkREsUeFyMQQ&#xD;
c3Zh1uvadkB+AoFzII1eVC+8ekfVnmchZOIREWBjQCCzpy1jiRKtIBxOIJGBVBmBGLNlbOXbiBS4&#xD;
k6Gw5HWskXLohXHXXapomOciyECKLScJ9oZaniLzzEWCa69lq++AU4JngWWGyl+0Cr8JO6tEIZU9&#xD;
BEspsfZk8QAg5oVHQnHkhP4I7ucLXkBmazgB6d4mzPDIVnmEjSC2x4qtfdWhu4330B4G0v5LecLw&#xD;
dZ7YL9Px0R9IyHj2mwUAAA==</IconData>
  <Created>2024-03-15T14:00:18.5211772+00:00</Created>
  <Modified>2024-03-15T19:01:23.556754+00:00</Modified>
  <Description>This list identifies essential traits, skills, and qualifications for a Sales and Marketing Specialist. It assists hiring managers and recruitment teams in evaluating candidates for sales and marketing positions effectively.</Description>
  <Instructions>Refer to this list to match candidate profiles during the hiring process and evaluate existing team members for development opportunities in the sales and marketing department.</Instructions>
  <Items>
    <ListItem>
      <Key>Excellent communication skills</Key>
      <Value>Possess excellent communication and interpersonal skills, with the ability to effectively network and negotiate.</Value>
      <Comment />
    </ListItem>
    <ListItem>
      <Key>Proven sales and marketing experience</Key>
      <Value>Have a proven track record in sales and marketing, demonstrating the ability to achieve targets.</Value>
      <Comment />
    </ListItem>
    <ListItem>
      <Key>Strong analytical skills</Key>
      <Value>Able to forecast market trends and analyze sales data through strong analytical capabilities.</Value>
      <Comment />
    </ListItem>
    <ListItem>
      <Key>Creative thinking</Key>
      <Value>Capable of designing engaging marketing campaigns through creative thinking.</Value>
      <Comment />
    </ListItem>
    <ListItem>
      <Key>Relevant educational background</Key>
      <Value>Holds a Bachelor's degree in Marketing, Business Administration, or a relevant field.</Value>
      <Comment />
    </ListItem>
  </Items>
</ListInfo>