﻿<ListInfo>
  <Name>Profile - Human Resources (HR)</Name>
  <IconType>.svg</IconType>
  <IconData>H4sIAAAAAAAACq1Ua2/TMBT9vl9hLCGBlMa+tvNsu0nLHkIaMIkNBN9K47VmWVIlWTv+Pdd2Wlap&#xD;
7AurVOX4+j7OOXYyOXl6qMhat51p6imFkFOi63lTmnoxpbc3F6OUkq6f1eWsamo9pXVDT46PJm/O&#xD;
Phc336/PSbdekOvb06sPBaEjxr7JgrGzmzPy5eslgRAYO/9ECV32/SpnbLPZhBsZNu2CXbaz1dLM&#xD;
O4aJzCZiEcNmAGHZlxRH2M4bU/ZLpMX5W0qW2iyW/Xa1Nnpz2jxNKSecRCDsnz5XApSgtrqbHpgu&#xD;
OOd22pCSP1Wmvj+UCFmWMbfrUvNuNZujC6tWd7pd6209LszdXr2LhPPmgVn/fldYdGeqatQ+VjrX&#xD;
a103ZTmeV2a1H+n6trnXIxyofzWmztvmsd5FH0yv28rgIxdjtIjgb7LwT4dXs35JTDml80ckpyhB&#xD;
+BFSFUghwugKUhlGgUgUYinS59hnFDJGFCMiSlmUuqdKAfccyrADxjjWRtxhkVgM4ipVHhQJ7HZj&#xD;
NZRY4LogsG1BqWHQjt6PPaPydvHzHUASQASB4PL9mLJ/KpVe6f8yKBySGRGCBzLCbkREsUeFyMQQ&#xD;
c3Zh1uvadkB+AoFzII1eVC+8ekfVnmchZOIREWBjQCCzpy1jiRKtIBxOIJGBVBmBGLNlbOXbiBS4&#xD;
k6Gw5HWskXLohXHXXapomOciyECKLScJ9oZaniLzzEWCa69lq++AU4JngWWGyl+0Cr8JO6tEIZU9&#xD;
BEspsfZk8QAg5oVHQnHkhP4I7ucLXkBmazgB6d4mzPDIVnmEjSC2x4qtfdWhu4330B4G0v5LecLw&#xD;
dZ7YL9Px0R9IyHj2mwUAAA==</IconData>
  <Created>2024-03-15T14:00:18.5156368+00:00</Created>
  <Modified>2024-03-15T19:01:23.5522916+00:00</Modified>
  <Description>This list enumerates the vital traits, skills, and qualifications necessary for an individual to excel in the Human Resources (HR) role. It serves as a reference for hiring managers and recruitment teams to identify suitable candidates for HR positions.</Description>
  <Instructions>Leverage the list to match applicant profiles during the hiring process and to identify areas for personnel development within the HR department.</Instructions>
  <Items>
    <ListItem>
      <Key>Excellent Communication Skills</Key>
      <Status p4:nil="true" xmlns:p4="http://www.w3.org/2001/XMLSchema-instance" />
      <Value>Ability to convey information effectively and foster open communication.</Value>
      <Comment />
    </ListItem>
    <ListItem>
      <Key>Empathy and Ethical Conduct</Key>
      <Status p4:nil="true" xmlns:p4="http://www.w3.org/2001/XMLSchema-instance" />
      <Value>Strong empathy skills with a commitment to ethical practices in handling sensitive matters.</Value>
      <Comment />
    </ListItem>
    <ListItem>
      <Key>Problem-Solving Abilities</Key>
      <Status p4:nil="true" xmlns:p4="http://www.w3.org/2001/XMLSchema-instance" />
      <Value>Capability to analyze situations, identify issues, and find effective solutions.</Value>
      <Comment />
    </ListItem>
    <ListItem>
      <Key>Organizational Skills</Key>
      <Status p4:nil="true" xmlns:p4="http://www.w3.org/2001/XMLSchema-instance" />
      <Value>Expertise in managing multiple tasks and priorities efficiently.</Value>
      <Comment />
    </ListItem>
    <ListItem>
      <Key>Knowledge of HR Practices and Laws</Key>
      <Status p4:nil="true" xmlns:p4="http://www.w3.org/2001/XMLSchema-instance" />
      <Value>Well-versed in HR principles and up-to-date on employment legislation.</Value>
      <Comment />
    </ListItem>
    <ListItem>
      <Key>Leadership and Teamwork</Key>
      <Status p4:nil="true" xmlns:p4="http://www.w3.org/2001/XMLSchema-instance" />
      <Value>Ability to lead by example and work collaboratively across departments.</Value>
      <Comment />
    </ListItem>
    <ListItem>
      <Key>Flexibility and Adaptability</Key>
      <Status p4:nil="true" xmlns:p4="http://www.w3.org/2001/XMLSchema-instance" />
      <Value>Openness to change and ability to manage diverse tasks.</Value>
      <Comment />
    </ListItem>
    <ListItem>
      <Key>Degree in Human Resources, Business Administration, or related field</Key>
      <Status p4:nil="true" xmlns:p4="http://www.w3.org/2001/XMLSchema-instance" />
      <Value>Formal education relevant to HR.</Value>
      <Comment />
    </ListItem>
  </Items>
</ListInfo>