﻿<UiPresetItem>
  <Name>Simple</Name>
  <IconType>.svg</IconType>
  <IconData>H4sIAAAAAAAACn1T226bQBB9z1dsN6+wN+6WSSTbJK6UJpHquOpTRfAWViaAgILTr+8sJsZtokqw&#xD;
zMyePWdmdphfH15y1Mm6UWURYk4YRrJIyp0q0hA/bW5MH19fXcw/rR6Wm++PEWq6FD0+Le4+LxE2&#xD;
Kf1mLSldbVbo6/YWccIpje4xwlnbVjNK+74nvUXKOqW3dVxlKmkoAKkGwiEKZJyTXbvDIKGZzxLh&#xD;
GKldiO/iV1n/AAfyLJrwA2bBGNNMI2R2yFWx/wjIgyCgwy5AQ8yqA0av47dXuzYLsbC1k0mVZu2b&#xD;
1ynZL0p9ADEkbHh0i+LnXJrPcbJP6/JXAYkWskdnCMhl1lRxIkNc1bKRdSehSITm6VCWSspi8CFS&#xD;
xW2GIPZFcMPeCiISZpiMuK5eHdswORHTsrYBcNxmx+gEgrfjxF8L/hujnyrPQ3wZuN5itcT0XzHL&#xD;
sDvuER/EjmSaZSTRb8Yd4iajziB+QmitrX1SiNwoiKL3CjwgvsEz0yKeZ/m5aRPH8jxDiLXe+Q81&#xD;
tGAJveA6KBixXQOcgWwqS1j8RsCwltBj1eprJMx9n4NLHANGzMk4H+xgMr3JhD5M9hkEWjDZ1mC/&#xD;
JVCUhcSoaetyD1d86Viu70M6x4A5jhOgxwBMnUziKsTDtJzCL6qVda7gA+C/q/GOxcxpCv+Gnu+r&#xD;
iz+y7EqprQMAAA==</IconData>
  <Created>2024-06-27T16:38:49.1475699+01:00</Created>
  <Modified>2024-06-27T16:38:49.1475699+01:00</Modified>
  <Items>
    <VisibilityItem Path="TeamsTabItem" IsVisible="false" />
    <VisibilityItem Path="FineTuningTabItem" IsVisible="false" />
    <VisibilityItem Path="EmbeddingTabItem" IsVisible="false" />
    <VisibilityItem Path="OptionsPanel.UiPresetsTabItem" IsVisible="false" />
    <VisibilityItem Path="OptionsPanel.ContextPanel.AttachedContextGroupBox" IsVisible="false" />
    <VisibilityItem Path="OptionsPanel.MainPanel.SecurityGroupBox" IsVisible="false" />
    <VisibilityItem Path="TasksPanel.TaskPanel.EmbeddingsTabItem" />
    <VisibilityItem Path="TasksPanel.TaskPanel.MailTabItem" IsVisible="false" />
    <VisibilityItem Path="TasksPanel.TaskPanel.MultimediaTabItem" IsVisible="false" />
    <VisibilityItem Path="OptionsPanel.MailAccountsTabItem" IsVisible="false" />
    <VisibilityItem Path="OptionsPanel.MainPanel.EnterpriseOptionsGroupBox" IsVisible="false" />
    <VisibilityItem Path="OptionsPanel.MainPanel.DeveloperGroupBox" IsVisible="false" />
    <VisibilityItem Path="TasksPanel.TaskPanel.VisualStudioTabItem" IsVisible="false" />
    <VisibilityItem Path="TemplatesPanel.TemplatePanel.VisualStudioTabItem" IsVisible="false" />
    <VisibilityItem Path="OptionsPanel.AiModelsTabItem" IsVisible="false" />
    <VisibilityItem Path="OptionsPanel.AiServicesTabItem" IsVisible="false" />
    <VisibilityItem Path="UpdatesPanel.PandocTabItem" IsVisible="false" />
    <VisibilityItem Path="PluginsTabItem" IsVisible="false" />
    <VisibilityItem Path="TasksPanel.TaskPanel.CodeBlockPanel.CsButton" IsVisible="false" />
    <VisibilityItem Path="TasksPanel.TaskPanel.CodeBlockPanel.JsButton" IsVisible="false" />
    <VisibilityItem Path="TasksPanel.TaskPanel.CodeBlockPanel.SqlButton" IsVisible="false" />
    <VisibilityItem Path="TasksPanel.TaskPanel.CodeBlockPanel.XmlButton" IsVisible="false" />
    <VisibilityItem Path="TasksPanel.TaskPanel.CodeBlockPanel.PsButton" IsVisible="false" />
    <VisibilityItem Path="TasksPanel.TaskPanel.CodeBlockPanel.TsButton" IsVisible="false" />
    <VisibilityItem Path="UpdatesTabItem" IsVisible="false" />
    <VisibilityItem Path="AboutTabItem" IsVisible="false" />
    <VisibilityItem Path="OptionsPanel.MicrosoftAccountsPanel.MainTabControl" IsVisible="false" />
  </Items>
</UiPresetItem>