RelativePath,Sha256,Size
Collections\CollectionsHelper.cs,522F268CD25FAF23FAA1AB9B1000098ADF8E646AA48C96C44CDCA628A4AAC422,3062
Collections\IKeyValue.cs,0928A54367615C913C01AD8D5FFDD597F00D243D0365BE4158334E12F280CD25,669
Collections\KeyValue.cs,66945FE8B16500EA8B3743868D79272556B97A04DA4369054C72A307F960CD7A,2056
Common\Helper.cs,02AE4B26E13A76DA9C07CD079700B79B816B16939FE2704B33E9215EC9E65944,20737
Common\OperationResult.cs,38E14FDEBCBF88333E77B0857A52B33E7221D86FECE962693E80F50677EEFA6E,3985
Common\ProgressEventArgs.cs,FBB0DDBA4B78D783A7D0C63942F04A96A0333C768B3A61090EF4DE0C05DE21A3,1621
Common\ProgressStatus.cs,7E3B1A9D069843A2E51F0181529B5FC6D077F92E5D1BE92B757ED176C4CF89A6,2034
Common\TimeUnitHelper.cs,46E52EDF534AA08A45AE434569B970D0A272E0299D67150C1A1198E68805FC7F,5575
Common\TimeUnitType.cs,48171CFBBE9A4DF871985C79AEA2D0F327AEC7FC5E6D523E2E389AB76C7DBE6A,1408
ComponentModel\BindingListInvoked.cs,BC74D5C3C3453FE1461D2E45C4E3EBC97C71E16A61FE768E5A3DD2DD19728C0C,4890
ComponentModel\NotifyPropertyChanged.cs,ACA23C1F3FE75ACE7290C90EA76159EA5F911F39C8067D6FA7AE489BDEBFFE0E,2872
ComponentModel\PropertyComparer.cs,602FEB49E814A65C901ABACCE2215C2781B6B03E8A207D9429E9B24C2E65B08F,3818
ComponentModel\SortableBindingList.cs,198C366FE0749CEDE472A668DEEEE74D6DB6E14F271021D2FD750EDA0140CD9F,6137
Configuration\Arguments.cs,4D1541FD6E07F4E6FBB65B10AD807DCC5FC6E629D4BB5E768BDB1971A9F3C83D,5857
Configuration\AssemblyInfo.cs,E8A90CFF64CEF8C7E93052B5749325D4181E0D1120EED7BA515F93E4C5B377B4,15744
Configuration\AssemblyInfo.Ext1.cs,06F69F280E204EDDDEDCFADBBF809B4B7DE22FBAEEA54344C6F9F68807745A6D,4514
Configuration\ISettingsData.cs,78C904BEF2FD2D0D63E0C906CC9836B8A5FC9A3C69C793120DA8CBECB16F06AB,2280
Configuration\ISettingsFileItem.cs,46D446BA6CF712A66C1FCA1C3C36B99B091CE6D78D6F4D005218544F3D499192,1412
Configuration\ISettingsItem.cs,05E4DB384D69B99951F10364B3FB295FD3157F65DE8952EC78685FCD0DDE1220,561
Configuration\ISettingsListFileItem.cs,8336D7B6FD67A3D1FDF83728F3E89E9717C67D05E0C805C90170CF1638495C3A,1505
Configuration\SettingsData.cs,AD5DB7D84C4488EB3593236E1D18052E80AB6B347F321056DBC4BE467C55CD01,36719
Configuration\SettingsFileItem.cs,88176D0D57DFBEB2DCD14162AABDED6D977DD1783F5A43879F2186BA64B04A00,1413
Configuration\SettingsHelper.cs,44AB274CEC5FD372113FAD7DD22D55D0063D4F25EBAECBC91B5B2D57AE1EB739,9871
Configuration\SettingsItem.cs,E2CED42BFA0D43EA062EAC7428B94D38CBCF3D0401FCD3ECAE7FC54D68A6413A,735
Configuration\SettingsListFileItem.cs,8D37CD74329880F9AA17BD717460BFFF5CD37BB372DD74E73E6D75AC5BC450BA,9854
Controls\ControlsHelper.cs,5CDAB45C614C0F6D0EDA858EBD5ED616FF409B81973AC416A81DCE6298740ECF,10898
Controls\ControlsHelper.Windows.cs,BA6ED65918BF56916E0D08B33BAA7A7E2CE01DED7AFB98044FE7DBFFA86E37D2,32603
Controls\ControlsHelper.WPF.cs,AC4688390D1C898E09974260B834100549B8525450B44982DDA5AFB79FCFCB89,35997
Controls\ControlsHelper.WPF.UseWindowsForms.cs,74BA0E8198CB685C86C490C68DFBAECE06055730C72A3CC4E5E7820754513961,4574
Controls\ToolStripBorderlessRenderer.cs,EE0569422B2DC172FBF037342C0716B1E9E24589216AA89ECE74D53893E01AD3,581
Data\DateTimeKindAttribute.cs,EDB786153DFB82DB30A12F36A35EF854ACCE0C6633C48BB2E57497FBC8A43687,3096
Data\SqlHelper.ConvertTable.cs,435B1F9FB92023D643C66EF47037F00AD5BBB6878636714FCE80EAFBB72D263D,9968
Data\SqlHelper.cs,8495BEA31686966CBF14334D6A51410D46FBE3ACC719D3989C6EC3DE60EEE769,29416
Data\SqlHelper.Property.cs,B706E90DA12E888BE2592E47095FA2D8B95C0C32376E19567681B68D32B324F9,5294
Diagnostics\RollingWriterOptions.cs,950B7360F1AFF3B472F863BAE48CFF2B9B3BE9F47F555641A54F0263B305AFF0,5713
Diagnostics\RollingXmlWriterTraceListener.cs,CCE188271740BFF351957792D6D017B4BE981AAD9C3B9ED4895F2FD9F70464AB,4974
Diagnostics\TraceHelper.cs,B3F59D4B621785F4C3036E182BE57AD70B76A8C290FFC475CD2F06897A6361E1,17967
Drawing\IconToImage.cs,541D7F5C7EB70362AEDC2F6A2FBBA051B1E4EA294D19F8A4887157D132659967,2758
Files\CsvHelper.cs,AE1CCBEA210F86475352A78A620AAFBC3894D68DEC2FA5F3E8A70ED41863138A,6252
Files\CsvQuote.cs,79F36193DD146DA5707295FE32D2BF360EC52CD93160C0A93059AE8075872AD0,120
Files\Mime.cs,321EACDE874C464985638DAEFA48CACEE1DB2E3D0C2EDB0377412A628D036F12,6639
Files\Zip.cs,4D643005C05FBE0C267B0D6CA82F15EFEBAE145F8C3C95EE6E989B3C213105F4,4928
Files\ZipStorer.cs,A40032D0B05B5B5B66F2C748022B3DB79C7E66ED7957B60F132BED94C8A8D2C6,40803
IO\FileFinder.cs,C7590AEF12AB766D8AD8CA3FC85F43E5AE9A8272EB3EE4B59D4881E9CC69B920,7948
IO\FileProcessor.cs,9B6E2DFA4621E9015A8D42A8A66A335A15B18C188AC180291558CA9E11E62169,5552
IO\PathHelper.cs,11B1A715C3094DE9F17349B5607050A533D2AA5401DEB4ECCEE74388E9C581CE,8101
Network\Downloader.cs,69F2C94D4A0B1A0AA935769FE60A6E32DF8DEDA867ECBC12B4D914549E2B1087,2680
Network\DownloaderEventArgs.cs,F902B766DC249C10385F1AC0C31060B9500F01FFBCA8CE94B1F5DC4C9D26A4C7,212
Network\DownloaderParams.cs,3BB2736950D8C34D62C60567CB9D2B34A9F23B93643E7945677761E1AD800F8B,760
Processes\BaseHook.cs,B281C71C57E9DD7E587FC36064347D4575A016A6A54362476ADC067B047DA5F8,9880
Processes\CURSORINFO.cs,5B84F63BCD8F5CC33D572D459A555EE14DC490312BF4F60B07BCB4DD2E27D5C5,573
Processes\HiddenShell.cs,A4915E154EF4EF5DA6CFF326BC67FA8F54406AE6DD260646E4F5075659FFCF8F,6337
Processes\HookType.cs,77B9158C1D3423971D6E0F6E7623CFCCC7FE21A85D952BB3790F329F1F24193D,459
Processes\KeyboardHelper.cs,499C48C1BDC33BE4F1EBF9ABA0FF158693E1B7DA2472374585E84070F64ED859,15041
Processes\KeyboardHook.cs,5B2A8E0DCC62BC3C1E2AC824FFEB925FB9DEB8AD2B8A35601CB162BD6E167808,4570
Processes\KeyboardHookEventArgs.cs,C6B3384C5132DFE62035134FA7FCE58F220151B18A6F0BC7A7675D8FB96060AB,304
Processes\KeyboardHookStruct.cs,06FED311BA6DEC05440916C2E699E52992B37481E816BE049A426EEF19D5611C,679
Processes\MouseGlobalEventArgs.cs,5C96BB5B4B4BEAA80C9132EFF9709B0FA83FA8AA90970FEA9AA3C72DA2E5EC66,1830
Processes\MouseGlobalHook.cs,46D52E2FBEC68575542F5F7A0CA584AE4A5F916BB52B82E1776F147CF7E65C06,8990
Processes\MouseHelper.cs,15CDC5CD0ED3E1E668F5F8F47FFDB634EF9ECE0C9B808180B8B219F84FC75152,9596
Processes\MouseHook.cs,4374992957E24423712F750FA232B091FF68F71DB1EAEC00AB403736963C7F30,12012
Processes\MouseHookEventArgs.cs,41B1683BA4AFDC5FF615920D5599F1AA87B6A3DABF2E998474386041380376DA,957
Processes\MouseHookStruct.cs,30657A7722C792FCE4EDBB4FF4731510AC4096EAD58924B7A628BFD3D5B408BF,807
Processes\MouseKey.cs,FC3D00A6730E539FA055A7FF338DC054689D3811F406E075AC4F8A13AC2CC2E5,665
Processes\MouseTouchEventArgs.cs,B8B775CF7B7368C97775EFA12491A708EC41D04CAD8E46290D0FE529F16C8DEF,1594
Processes\MSLLHOOKSTRUCT.cs,71D9D6945E910B8B7936DCF12B1C28B7E88746CA13E28D1CAA47787BCFD680BE,1183
Processes\TestUnion.cs,0ABD0C584192EBBC4795D3A2949DCDFE5B40D18C54080085C9C67A86FEAAD2CE,605
Processes\TOUCHINPUT.cs,50BAF8D958AAF13EB039B0A7A986EE883BC6A6EAFA92A8B3463D9FED9C36F971,541
Runtime\Attributes.cs,828743022F60DFBFF03036409F2A187A6956752916B40E01A7D0B0ACC478F2F7,12938
Runtime\RuntimeHelper.cs,61D9FF0CDF9547817C3999AFEE2B2E28FBFCC8EDCEE9BE23049A9A38F21A02A0,22384
Runtime\Serializer.cs,9ED4D39882A81D3D521FF41E623BF4D707F8AA09F591A42EC0CAD56F49B2F64C,23580
Runtime\XmlValidator.cs,FCEFFA33B2A2AC7033EDB6A256F927FC267C0F2307D9DFE80663FF4410E555A7,7250
Security\CertificateHelper.Basic.cs,E0B6F6FC2199E999EF35CFA74F91E0BDD6D63C8F13131F597CC71283932717CA,3005
Security\Encryption.Windows.cs,E3429F300B396E865FDC5006430D9F8054E0C80F84E684467CEED43D8F3566B9,3436
Security\HashHelper.cs,A4E5BE9B9A3ECC9EDEC5083FFDCB831521F16F993EBDEA48438FD455DEB8FD8E,4601
Security\PermissionHelper.cs,6EAF888B85E6CAB7EB4583EF786F51DE5B4639ED61D80A4D44D63D93AEA5F9EA,21358
Security\SHA256Helper.cs,D3EA764812216B2FB829F2EE8342FC6C8ACEDFC68FBA78975CF3353EE49CC3CB,2734
Security\WinVerify.cs,521ED452148161D584E1936AC5CF0E088244C15F2BAA8C52912AA43F873A8E3B,17706
Text\Filters.cs,922EB2B7AE7BEC5237FF439B393482C503F542FCEE96FEF94C7B9A1789CA1DA9,24492
Text\Filters.FoldToASCII.cs,81360904540EE625A6303A258AC935CC23B9EA28A97C6A25030F5ED86E03E796,142812
Text\Helper.cs,15AF0D6CD9F538991C384E8EF50CB51E48A4DCA0903CB312A139D492D1180855,21808
Web\Services\HttpClientLogger.cs,E0E51B537A739F14E5F72E364BB35B5561807E1E023224BFD97A1A643814E705,3979
Web\Services\LoggingHttpContent.cs,99CC1B2C7CBD6325CF8BD655A8DF5C335D34FA72A66384D17102658923928269,1702
Web\Services\LoggingStream.cs,512B2A4C5A9804F35BA92245845009775AFE5D37C52E8C0357A522D283227002,2426
Web\WebHelper.cs,C3D7D4F6A92152C89AA779B519F1158A209A1E583A22C70CD904C10A9ECF06BA,7375
Win32\ICONINFO.cs,C92EF4C48700DE21054CAF0EB70A9EDF966C371A07E82DDD07A240EE19236CD1,790
Win32\POINT.cs,B7CDFEAFA372316BAAA390BE6ED84C3EE762524D5CEC228A84D1521532D29D31,504
Windows\AutomationAction.cs,797E640AF3D55E2885F07FAA6D02BC9A20EB258EA496335389FC10984FC63032,428
Windows\AutomationHelper.cs,EED57AE16DC4EFC8082AE5EEFD2A0C59A9023DA3732234DAC58634CA2C75587B,45021
Windows\ClipboardHelper.cs,2ABFA965414FA57B1A297D12CFFD14FB48CA91F36206979BDFC328E7BE956D60,14686
Windows\DisplayHelper.cs,E598DE5B24CBAA0AFB8147A255681EFB7F34FA96B65B48E1A63041CFB0037D23,6147
Windows\DisplayInfo.cs,6836138DB3A11573E8CF4B02EED67A55444B081DF44F48014CC489B6E35CFB75,1261
Windows\UacHelper.cs,60D2B1173A7937D765F8D42A94AC0FA7C72EABA8A1D3BFBC07CF0996D9A5477B,3284
Xml\XmlDocHelper.cs,F15D1E1CAF73A70FDAA5AECDC1230CA0D7617F2A96930D5874DA1B0350B8BC16,20754
